id,total_visits,last_visit_date,days_since_last_visit,loyalty_segment
1,58,2024-11-10,47,Medium Risk
2,76,2024-12-22,5,Low Risk
3,24,2024-08-25,124,Medium Risk
4,89,2024-11-16,41,Medium Risk
5,59,2024-11-25,32,Medium Risk
6,7,2024-04-13,258,Elevated Risk
7,23,2024-09-06,112,Medium Risk
8,44,2024-08-26,123,Medium Risk
9,57,2024-10-20,68,Medium Risk
10,24,2024-10-26,62,Medium Risk
11,78,2024-12-26,1,Low Risk
12,4,2024-10-08,80,High Risk
13,57,2024-08-13,136,Medium Risk
14,20,2024-11-06,51,Medium Risk
15,8,2024-09-23,95,Elevated Risk
16,35,2024-10-21,67,Medium Risk
17,7,2024-09-15,103,Elevated Risk
18,2,2023-02-10,686,Highest Risk
19,77,2024-11-14,43,Medium Risk
20,7,2024-08-15,134,Elevated Risk
21,51,2024-11-27,30,Low Risk
22,19,2024-09-02,116,Medium Risk
23,3,2024-09-18,100,High Risk
24,12,2024-11-21,36,Medium Risk
25,2,2024-08-12,137,High Risk
26,4,2023-05-02,605,Highest Risk
27,19,2024-07-24,156,Medium Risk
28,27,2024-06-21,189,Medium Risk
29,45,2024-09-25,93,Medium Risk
30,8,2024-10-06,82,Moderate Risk
31,31,2024-07-21,159,Medium Risk
32,51,2024-10-17,71,Medium Risk
33,57,2024-09-18,100,Medium Risk
34,39,2024-10-07,81,Medium Risk
35,30,2024-09-20,98,Medium Risk
36,104,2024-11-09,48,Medium Risk
37,47,2024-10-26,62,Medium Risk
38,6,2024-02-15,316,Elevated Risk
39,14,2024-09-22,96,Medium Risk
40,11,2024-11-10,47,Moderate Risk
41,33,2024-11-03,54,Medium Risk
42,43,2024-10-25,63,Medium Risk
43,69,2024-11-25,32,Medium Risk
44,15,2024-10-13,75,Medium Risk
45,82,2024-12-23,4,Low Risk
46,8,2024-10-13,75,Moderate Risk
47,36,2024-10-10,78,Medium Risk
48,13,2024-10-27,61,Medium Risk
49,63,2024-11-05,52,Medium Risk
50,24,2024-11-16,41,Medium Risk
51,51,2024-10-22,66,Medium Risk
52,64,2024-12-27,0,Low Risk
53,36,2024-08-26,123,Medium Risk
54,27,2024-08-06,143,Medium Risk
55,24,2024-11-19,38,Medium Risk
56,42,2024-10-10,78,Medium Risk
57,67,2024-11-09,48,Medium Risk
58,76,2024-11-04,53,Medium Risk
59,17,2024-11-26,31,Medium Risk
60,88,2024-10-23,65,Medium Risk
61,49,2024-10-19,69,Medium Risk
62,67,2024-12-27,0,Low Risk
63,50,2024-11-11,46,Medium Risk
64,61,2024-12-05,22,Low Risk
65,76,2024-12-24,3,Low Risk
66,23,2024-09-16,102,Medium Risk
67,29,2024-09-20,98,Medium Risk
68,29,2024-08-26,123,Medium Risk
69,54,2024-11-17,40,Medium Risk
70,41,2024-10-24,64,Medium Risk
71,44,2024-11-01,56,Medium Risk
72,67,2024-12-17,10,Low Risk
73,72,2024-11-19,38,Medium Risk
74,88,2024-12-16,11,Low Risk
75,44,2024-12-05,22,Low Risk
76,71,2024-10-11,77,Medium Risk
77,50,2024-07-11,169,Medium Risk
78,63,2024-11-01,56,Medium Risk
79,83,2024-10-09,79,Medium Risk
80,24,2024-10-06,82,Medium Risk
81,42,2024-11-01,56,Medium Risk
82,66,2024-10-12,76,Medium Risk
83,24,2024-10-20,68,Medium Risk
84,13,2024-08-15,134,Medium Risk
85,18,2024-08-17,132,Medium Risk
86,60,2024-09-12,106,Medium Risk
87,56,2024-12-06,21,Low Risk
88,32,2024-10-23,65,Medium Risk
89,96,2024-11-01,56,Medium Risk
90,32,2024-08-26,123,Medium Risk
91,22,2024-10-20,68,Medium Risk
92,21,2024-10-15,73,Medium Risk
93,12,2024-11-18,39,Medium Risk
94,22,2024-10-08,80,Medium Risk
95,36,2024-11-04,53,Medium Risk
96,25,2024-09-22,96,Medium Risk
97,3,2024-02-01,330,Highest Risk
98,40,2024-11-26,31,Medium Risk
99,13,2024-10-04,84,Medium Risk
100,32,2024-09-25,93,Medium Risk
101,64,2024-11-13,44,Medium Risk
102,51,2024-12-04,23,Low Risk
103,50,2024-12-15,12,Low Risk
104,52,2024-12-05,22,Low Risk
105,61,2024-12-16,11,Low Risk
106,13,2024-09-23,95,Medium Risk
107,20,2024-09-19,99,Medium Risk
108,44,2024-10-14,74,Medium Risk
109,66,2024-12-22,5,Low Risk
110,26,2024-12-19,8,Low Risk
111,65,2024-12-20,7,Low Risk
112,54,2024-10-12,76,Medium Risk
113,49,2024-11-25,32,Medium Risk
114,67,2024-11-08,49,Medium Risk
115,56,2024-12-10,17,Low Risk
116,75,2024-10-09,79,Medium Risk
117,21,2024-10-25,63,Medium Risk
118,50,2024-10-25,63,Medium Risk
119,12,2024-09-11,107,Medium Risk
120,62,2024-09-17,101,Medium Risk
121,45,2024-10-12,76,Medium Risk
122,33,2024-09-23,95,Medium Risk
123,67,2024-09-14,104,Medium Risk
124,66,2024-11-09,48,Medium Risk
126,6,2024-08-22,127,Elevated Risk
127,19,2024-09-06,112,Medium Risk
128,12,2024-02-24,307,Medium Risk
129,3,2022-09-03,846,Highest Risk
130,40,2024-11-05,52,Medium Risk
131,29,2024-09-22,96,Medium Risk
132,13,2024-09-15,103,Medium Risk
133,21,2024-11-16,41,Medium Risk
134,17,2024-12-16,11,Low Risk
135,58,2024-10-13,75,Medium Risk
136,40,2024-09-07,111,Medium Risk
137,51,2024-08-18,131,Medium Risk
138,62,2024-08-20,129,Medium Risk
139,2,2023-04-04,633,Highest Risk
140,67,2024-11-23,34,Medium Risk
141,56,2024-12-15,12,Low Risk
142,50,2024-11-17,40,Medium Risk
143,58,2024-10-18,70,Medium Risk
144,28,2024-12-24,3,Low Risk
145,87,2024-11-23,34,Medium Risk
146,3,2023-10-12,442,Highest Risk
147,12,2024-07-23,157,Medium Risk
148,16,2024-10-04,84,Medium Risk
149,27,2024-11-24,33,Medium Risk
150,47,2024-10-20,68,Medium Risk
151,19,2024-09-09,109,Medium Risk
152,4,2024-10-06,82,High Risk
153,22,2024-10-14,74,Medium Risk
154,39,2024-08-20,129,Medium Risk
155,42,2024-08-14,135,Medium Risk
156,37,2024-12-15,12,Low Risk
157,55,2024-11-14,43,Medium Risk
158,27,2024-07-14,166,Medium Risk
159,21,2024-10-20,68,Medium Risk
160,13,2024-07-06,174,Medium Risk
161,81,2024-10-13,75,Medium Risk
162,10,2024-06-22,188,Elevated Risk
163,12,2024-07-20,160,Medium Risk
164,48,2024-11-17,40,Medium Risk
165,27,2024-11-08,49,Medium Risk
166,29,2024-11-04,53,Medium Risk
167,69,2024-11-17,40,Medium Risk
168,84,2024-11-01,56,Medium Risk
169,21,2024-10-13,75,Medium Risk
170,81,2024-11-07,50,Medium Risk
171,56,2024-11-04,53,Medium Risk
172,17,2024-08-24,125,Medium Risk
173,11,2024-06-18,192,Elevated Risk
174,26,2024-11-22,35,Medium Risk
175,34,2024-10-27,61,Medium Risk
176,1,2024-05-24,217,New
177,3,2023-07-08,538,Highest Risk
178,24,2024-10-01,87,Medium Risk
179,7,2024-07-10,170,Elevated Risk
180,41,2024-11-26,31,Medium Risk
181,33,2024-09-08,110,Medium Risk
182,98,2024-11-15,42,Medium Risk
183,70,2024-11-20,37,Medium Risk
184,18,2024-11-19,38,Medium Risk
185,17,2024-10-20,68,Medium Risk
186,52,2024-09-15,103,Medium Risk
187,19,2024-06-15,195,Medium Risk
188,66,2024-11-11,46,Medium Risk
189,50,2024-10-21,67,Medium Risk
190,59,2024-08-15,134,Medium Risk
191,8,2024-11-15,42,Moderate Risk
192,80,2024-11-05,52,Medium Risk
193,61,2024-11-23,34,Medium Risk
194,17,2024-08-13,136,Medium Risk
195,4,2024-03-16,286,Highest Risk
196,65,2024-09-11,107,Medium Risk
197,53,2024-10-26,62,Medium Risk
198,59,2024-11-15,42,Medium Risk
199,32,2024-10-02,86,Medium Risk
200,28,2024-08-18,131,Medium Risk
201,68,2024-10-13,75,Medium Risk
202,13,2024-05-18,223,Medium Risk
203,62,2024-10-18,70,Medium Risk
204,42,2024-11-24,33,Medium Risk
205,26,2024-12-15,12,Low Risk
206,56,2024-11-09,48,Medium Risk
207,29,2024-09-27,91,Medium Risk
208,37,2024-11-22,35,Medium Risk
209,65,2024-07-16,164,Medium Risk
210,60,2024-12-07,20,Low Risk
211,22,2024-09-10,108,Medium Risk
212,6,2024-10-09,79,Moderate Risk
213,45,2024-10-26,62,Medium Risk
214,47,2024-12-05,22,Low Risk
215,10,2024-11-09,48,Moderate Risk
216,29,2024-09-20,98,Medium Risk
217,44,2024-09-07,111,Medium Risk
218,36,2024-12-12,15,Low Risk
219,60,2024-11-24,33,Medium Risk
220,37,2024-12-11,16,Low Risk
221,48,2024-12-03,24,Low Risk
222,17,2024-09-20,98,Medium Risk
223,1,2022-04-19,983,New
224,14,2024-10-15,73,Medium Risk
225,51,2024-09-17,101,Medium Risk
226,22,2024-09-12,106,Medium Risk
227,90,2024-10-08,80,Medium Risk
228,52,2024-12-18,9,Low Risk
229,32,2024-11-17,40,Medium Risk
230,22,2024-10-11,77,Medium Risk
231,16,2024-11-20,37,Medium Risk
232,3,2024-06-02,208,Highest Risk
233,84,2024-12-19,8,Low Risk
234,47,2024-09-25,93,Medium Risk
235,21,2024-05-09,232,Medium Risk
236,12,2024-11-24,33,Medium Risk
237,23,2024-08-13,136,Medium Risk
238,64,2024-11-26,31,Medium Risk
239,23,2024-09-08,110,Medium Risk
240,17,2024-08-04,145,Medium Risk
241,28,2024-07-21,159,Medium Risk
242,37,2024-09-07,111,Medium Risk
243,12,2024-08-03,146,Medium Risk
244,62,2024-12-22,5,Low Risk
245,28,2024-12-12,15,Low Risk
246,59,2024-11-18,39,Medium Risk
247,69,2024-10-16,72,Medium Risk
248,4,2024-08-16,133,High Risk
249,64,2024-11-15,42,Medium Risk
250,60,2024-11-14,43,Medium Risk
251,24,2024-07-16,164,Medium Risk
252,91,2024-10-18,70,Medium Risk
253,52,2024-08-15,134,Medium Risk
254,26,2024-08-19,130,Medium Risk
255,43,2024-07-24,156,Medium Risk
256,56,2024-09-20,98,Medium Risk
257,17,2024-09-16,102,Medium Risk
258,7,2024-06-03,207,Elevated Risk
259,66,2024-12-05,22,Low Risk
260,63,2024-11-25,32,Medium Risk
261,19,2024-11-12,45,Medium Risk
262,82,2024-11-09,48,Medium Risk
263,22,2024-11-10,47,Medium Risk
264,28,2024-06-18,192,Medium Risk
265,49,2024-10-27,61,Medium Risk
266,51,2024-11-03,54,Medium Risk
267,24,2024-12-14,13,Low Risk
268,48,2024-08-19,130,Medium Risk
269,12,2024-06-15,195,Medium Risk
270,35,2024-10-05,83,Medium Risk
271,45,2024-10-07,81,Medium Risk
272,26,2024-10-16,72,Medium Risk
273,39,2024-09-07,111,Medium Risk
274,23,2024-10-04,84,Medium Risk
275,72,2024-10-19,69,Medium Risk
276,65,2024-12-18,9,Low Risk
277,62,2024-12-17,10,Low Risk
278,28,2024-08-14,135,Medium Risk
279,13,2024-11-04,53,Medium Risk
280,35,2024-10-12,76,Medium Risk
281,16,2024-09-26,92,Medium Risk
282,80,2024-10-18,70,Medium Risk
283,61,2024-11-15,42,Medium Risk
284,11,2024-09-07,111,Elevated Risk
285,41,2024-11-18,39,Medium Risk
286,89,2024-12-20,7,Low Risk
287,24,2024-10-25,63,Medium Risk
288,23,2024-08-23,126,Medium Risk
289,57,2024-11-09,48,Medium Risk
290,56,2024-12-17,10,Low Risk
291,18,2024-08-15,134,Medium Risk
292,7,2024-08-18,131,Elevated Risk
293,54,2024-12-13,14,Low Risk
294,17,2024-11-09,48,Medium Risk
295,37,2024-10-21,67,Medium Risk
296,3,2023-06-23,553,Highest Risk
297,58,2024-10-11,77,Medium Risk
298,7,2024-05-10,231,Elevated Risk
299,74,2024-11-19,38,Medium Risk
300,57,2024-11-15,42,Medium Risk
301,32,2024-09-09,109,Medium Risk
302,67,2024-12-08,19,Low Risk
303,98,2024-12-14,13,Low Risk
304,8,2024-04-21,250,Elevated Risk
305,41,2024-10-26,62,Medium Risk
306,48,2024-08-05,144,Medium Risk
307,19,2024-08-23,126,Medium Risk
308,89,2024-11-14,43,Medium Risk
309,14,2024-10-23,65,Medium Risk
310,40,2024-09-21,97,Medium Risk
311,13,2024-10-11,77,Medium Risk
312,13,2024-07-18,162,Medium Risk
313,32,2024-08-21,128,Medium Risk
314,2,2023-02-10,686,Highest Risk
315,19,2024-05-27,214,Medium Risk
316,36,2024-09-24,94,Medium Risk
317,24,2024-09-20,98,Medium Risk
318,65,2024-12-25,2,Low Risk
319,55,2024-11-12,45,Medium Risk
320,56,2024-11-09,48,Medium Risk
321,14,2024-11-07,50,Medium Risk
322,28,2024-08-06,143,Medium Risk
323,61,2024-10-09,79,Medium Risk
324,59,2024-12-18,9,Low Risk
325,14,2024-08-23,126,Medium Risk
326,60,2024-11-01,56,Medium Risk
327,39,2024-11-18,39,Medium Risk
328,46,2024-12-22,5,Low Risk
329,47,2024-10-03,85,Medium Risk
330,13,2024-05-02,239,Medium Risk
331,57,2024-12-03,24,Low Risk
332,65,2024-09-12,106,Medium Risk
333,22,2024-11-20,37,Medium Risk
334,2,2022-05-21,951,Highest Risk
335,55,2024-10-13,75,Medium Risk
336,6,2024-04-09,262,Elevated Risk
337,35,2024-10-03,85,Medium Risk
338,8,2024-10-13,75,Moderate Risk
339,34,2024-11-11,46,Medium Risk
340,17,2024-06-10,200,Medium Risk
341,82,2024-10-21,67,Medium Risk
342,40,2024-09-13,105,Medium Risk
343,46,2024-10-19,69,Medium Risk
344,71,2024-12-04,23,Low Risk
345,16,2024-11-23,34,Medium Risk
346,54,2024-12-20,7,Low Risk
347,51,2024-09-23,95,Medium Risk
348,69,2024-09-07,111,Medium Risk
349,33,2024-07-14,166,Medium Risk
350,35,2024-12-21,6,Low Risk
351,3,2022-08-11,869,Highest Risk
352,38,2024-12-03,24,Low Risk
353,66,2024-10-22,66,Medium Risk
354,14,2024-08-20,129,Medium Risk
355,58,2024-10-27,61,Medium Risk
356,37,2024-06-17,193,Medium Risk
357,85,2024-11-21,36,Medium Risk
358,76,2024-12-05,22,Low Risk
359,37,2024-09-23,95,Medium Risk
360,8,2024-04-11,260,Elevated Risk
361,61,2024-12-26,1,Low Risk
362,16,2024-10-08,80,Medium Risk
363,17,2024-08-27,122,Medium Risk
364,18,2024-07-24,156,Medium Risk
365,88,2024-11-11,46,Medium Risk
366,13,2024-05-13,228,Medium Risk
367,23,2024-08-20,129,Medium Risk
368,32,2024-09-27,91,Medium Risk
369,18,2024-09-19,99,Medium Risk
370,52,2024-10-26,62,Medium Risk
371,55,2024-11-25,32,Medium Risk
372,9,2024-10-16,72,Moderate Risk
373,59,2024-10-23,65,Medium Risk
374,48,2024-12-11,16,Low Risk
375,35,2024-11-19,38,Medium Risk
376,55,2024-11-10,47,Medium Risk
377,63,2024-12-15,12,Low Risk
378,18,2024-09-25,93,Medium Risk
379,18,2024-10-19,69,Medium Risk
380,43,2024-10-09,79,Medium Risk
381,55,2024-10-07,81,Medium Risk
382,23,2024-10-19,69,Medium Risk
383,87,2024-11-03,54,Medium Risk
384,69,2024-11-01,56,Medium Risk
385,7,2024-07-03,177,Elevated Risk
386,22,2024-10-08,80,Medium Risk
387,40,2024-10-01,87,Medium Risk
388,77,2024-12-04,23,Low Risk
389,68,2024-09-26,92,Medium Risk
390,38,2024-11-04,53,Medium Risk
391,16,2024-12-05,22,Low Risk
392,23,2024-08-03,146,Medium Risk
393,19,2024-08-13,136,Medium Risk
394,18,2024-09-07,111,Medium Risk
395,23,2024-09-06,112,Medium Risk
396,18,2024-12-06,21,Low Risk
397,55,2024-09-26,92,Medium Risk
398,42,2024-12-17,10,Low Risk
399,40,2024-10-12,76,Medium Risk
400,18,2024-12-06,21,Low Risk
401,58,2024-12-13,14,Low Risk
402,54,2024-11-12,45,Medium Risk
403,37,2024-11-03,54,Medium Risk
404,60,2024-10-10,78,Medium Risk
405,17,2024-06-09,201,Medium Risk
406,63,2024-10-09,79,Medium Risk
407,17,2024-11-06,51,Medium Risk
408,28,2024-12-27,0,Low Risk
409,55,2024-11-06,51,Medium Risk
410,27,2024-12-12,15,Low Risk
411,88,2024-11-21,36,Medium Risk
412,56,2024-11-04,53,Medium Risk
413,93,2024-12-16,11,Low Risk
414,24,2024-11-19,38,Medium Risk
415,34,2024-11-09,48,Medium Risk
416,62,2024-11-14,43,Medium Risk
417,35,2024-11-09,48,Medium Risk
418,18,2024-08-27,122,Medium Risk
419,101,2024-11-25,32,Medium Risk
420,48,2024-10-08,80,Medium Risk
421,56,2024-09-20,98,Medium Risk
422,43,2024-10-20,68,Medium Risk
423,25,2024-06-21,189,Medium Risk
424,20,2024-10-16,72,Medium Risk
425,65,2024-10-07,81,Medium Risk
426,57,2024-10-24,64,Medium Risk
427,34,2024-10-25,63,Medium Risk
428,46,2024-09-13,105,Medium Risk
429,25,2024-10-12,76,Medium Risk
430,2,2024-08-11,138,High Risk
431,51,2024-12-10,17,Low Risk
432,46,2024-11-17,40,Medium Risk
433,9,2024-07-13,167,Elevated Risk
434,51,2024-10-02,86,Medium Risk
435,23,2024-09-21,97,Medium Risk
436,41,2024-11-16,41,Medium Risk
437,13,2024-12-26,1,Low Risk
438,33,2024-08-07,142,Medium Risk
439,65,2024-11-27,30,Low Risk
440,29,2024-12-27,0,Low Risk
441,8,2024-06-11,199,Elevated Risk
442,24,2024-07-17,163,Medium Risk
443,31,2024-10-25,63,Medium Risk
444,31,2024-07-25,155,Medium Risk
445,22,2024-11-26,31,Medium Risk
446,53,2024-12-04,23,Low Risk
447,43,2024-12-11,16,Low Risk
448,29,2024-11-10,47,Medium Risk
449,33,2024-08-11,138,Medium Risk
450,22,2024-08-05,144,Medium Risk
451,60,2024-09-10,108,Medium Risk
452,37,2024-12-01,26,Low Risk
453,47,2024-10-09,79,Medium Risk
454,18,2024-11-01,56,Medium Risk
455,25,2024-09-09,109,Medium Risk
456,16,2024-08-14,135,Medium Risk
457,59,2024-11-16,41,Medium Risk
458,9,2024-11-14,43,Moderate Risk
459,49,2024-12-17,10,Low Risk
460,22,2024-09-23,95,Medium Risk
461,39,2024-08-22,127,Medium Risk
462,28,2024-10-23,65,Medium Risk
463,17,2024-11-22,35,Medium Risk
464,12,2024-10-04,84,Medium Risk
465,19,2024-08-06,143,Medium Risk
466,6,2024-06-25,185,Elevated Risk
467,2,2022-02-09,1052,Highest Risk
468,18,2024-09-05,113,Medium Risk
469,33,2024-10-08,80,Medium Risk
470,13,2024-09-08,110,Medium Risk
471,14,2024-06-14,196,Medium Risk
472,23,2024-11-13,44,Medium Risk
473,18,2024-10-16,72,Medium Risk
474,8,2024-09-22,96,Elevated Risk
475,31,2024-11-22,35,Medium Risk
476,17,2024-08-11,138,Medium Risk
477,63,2024-08-03,146,Medium Risk
478,18,2024-07-25,155,Medium Risk
479,50,2024-09-21,97,Medium Risk
480,48,2024-11-15,42,Medium Risk
481,65,2024-11-10,47,Medium Risk
482,43,2024-09-07,111,Medium Risk
483,50,2024-10-12,76,Medium Risk
484,6,2024-07-11,169,Elevated Risk
485,50,2024-11-18,39,Medium Risk
486,54,2024-12-08,19,Low Risk
487,13,2024-03-01,301,Medium Risk
488,45,2024-11-15,42,Medium Risk
489,39,2024-11-17,40,Medium Risk
490,49,2024-11-19,38,Medium Risk
491,6,2024-05-26,215,Elevated Risk
492,24,2024-11-03,54,Medium Risk
493,6,2024-10-14,74,Moderate Risk
494,52,2024-09-23,95,Medium Risk
495,41,2024-10-09,79,Medium Risk
496,81,2024-11-26,31,Medium Risk
497,41,2024-11-21,36,Medium Risk
498,22,2024-10-25,63,Medium Risk
499,49,2024-12-08,19,Low Risk
500,24,2024-09-25,93,Medium Risk
501,12,2024-04-22,249,Medium Risk
502,65,2024-11-26,31,Medium Risk
503,58,2024-10-21,67,Medium Risk
504,31,2024-12-11,16,Low Risk
505,43,2024-10-09,79,Medium Risk
506,9,2024-10-16,72,Moderate Risk
507,2,2024-05-02,239,Highest Risk
508,11,2024-06-10,200,Elevated Risk
509,6,2024-07-12,168,Elevated Risk
510,43,2024-08-24,125,Medium Risk
511,49,2024-10-22,66,Medium Risk
512,67,2024-10-11,77,Medium Risk
513,56,2024-11-21,36,Medium Risk
514,28,2024-12-20,7,Low Risk
515,57,2024-10-24,64,Medium Risk
516,71,2024-12-10,17,Low Risk
517,28,2024-10-10,78,Medium Risk
518,8,2024-08-23,126,Elevated Risk
519,26,2024-08-12,137,Medium Risk
520,13,2024-10-07,81,Medium Risk
521,17,2024-11-17,40,Medium Risk
522,33,2024-12-18,9,Low Risk
523,22,2024-11-09,48,Medium Risk
524,7,2024-05-06,235,Elevated Risk
525,19,2024-11-22,35,Medium Risk
526,2,2023-07-25,521,Highest Risk
527,84,2024-12-03,24,Low Risk
528,42,2024-07-25,155,Medium Risk
529,13,2024-10-15,73,Medium Risk
530,18,2024-08-11,138,Medium Risk
531,3,2024-09-15,103,High Risk
532,45,2024-09-12,106,Medium Risk
533,83,2024-11-20,37,Medium Risk
534,50,2024-09-09,109,Medium Risk
535,62,2024-09-04,114,Medium Risk
536,84,2024-08-15,134,Medium Risk
537,81,2024-12-13,14,Low Risk
538,76,2024-11-13,44,Medium Risk
539,23,2024-10-19,69,Medium Risk
540,43,2024-09-27,91,Medium Risk
541,89,2024-11-22,35,Medium Risk
542,44,2024-08-24,125,Medium Risk
543,18,2024-11-07,50,Medium Risk
544,78,2024-12-26,1,Low Risk
545,40,2024-11-05,52,Medium Risk
546,14,2024-08-01,148,Medium Risk
547,21,2024-08-22,127,Medium Risk
548,18,2024-11-14,43,Medium Risk
549,51,2024-08-27,122,Medium Risk
550,26,2024-09-10,108,Medium Risk
551,38,2024-11-16,41,Medium Risk
552,28,2024-07-21,159,Medium Risk
553,18,2024-08-16,133,Medium Risk
554,22,2024-10-22,66,Medium Risk
555,13,2024-07-09,171,Medium Risk
556,54,2024-09-06,112,Medium Risk
557,38,2024-08-25,124,Medium Risk
558,53,2024-11-19,38,Medium Risk
559,23,2024-11-10,47,Medium Risk
560,21,2024-10-26,62,Medium Risk
561,66,2024-10-16,72,Medium Risk
562,34,2024-11-21,36,Medium Risk
563,36,2024-11-21,36,Medium Risk
564,23,2024-10-09,79,Medium Risk
565,33,2024-08-09,140,Medium Risk
566,72,2024-12-16,11,Low Risk
567,64,2024-10-23,65,Medium Risk
568,48,2024-10-10,78,Medium Risk
569,35,2024-07-09,171,Medium Risk
570,64,2024-09-27,91,Medium Risk
571,26,2024-09-15,103,Medium Risk
572,1,2020-11-09,1509,New
573,74,2024-12-25,2,Low Risk
574,34,2024-12-07,20,Low Risk
575,20,2024-08-25,124,Medium Risk
576,60,2024-09-03,115,Medium Risk
577,43,2024-11-01,56,Medium Risk
578,41,2024-10-04,84,Medium Risk
579,18,2024-12-15,12,Low Risk
580,58,2024-09-10,108,Medium Risk
581,28,2024-07-15,165,Medium Risk
582,51,2024-12-09,18,Low Risk
583,37,2024-10-11,77,Medium Risk
584,58,2024-10-14,74,Medium Risk
585,45,2024-11-13,44,Medium Risk
586,18,2024-08-02,147,Medium Risk
587,60,2024-11-01,56,Medium Risk
588,22,2024-07-16,164,Medium Risk
589,37,2024-10-15,73,Medium Risk
590,71,2024-12-27,0,Low Risk
591,29,2024-11-13,44,Medium Risk
592,91,2024-11-21,36,Medium Risk
593,46,2024-10-23,65,Medium Risk
594,4,2024-09-09,109,High Risk
595,89,2024-11-11,46,Medium Risk
596,34,2024-10-07,81,Medium Risk
597,8,2024-07-26,154,Elevated Risk
598,3,2023-02-06,690,Highest Risk
599,50,2024-11-25,32,Medium Risk
600,20,2024-06-19,191,Medium Risk
601,58,2024-09-24,94,Medium Risk
602,48,2024-10-14,74,Medium Risk
603,55,2024-12-19,8,Low Risk
604,23,2024-10-15,73,Medium Risk
605,23,2024-09-13,105,Medium Risk
606,11,2024-08-13,136,Elevated Risk
607,12,2024-12-06,21,Low Risk
608,16,2024-11-22,35,Medium Risk
609,92,2024-11-03,54,Medium Risk
610,53,2024-12-10,17,Low Risk
611,28,2024-12-27,0,Low Risk
612,53,2024-11-07,50,Medium Risk
613,92,2024-11-02,55,Medium Risk
614,16,2024-09-15,103,Medium Risk
615,55,2024-11-15,42,Medium Risk
616,73,2024-11-06,51,Medium Risk
617,31,2024-10-05,83,Medium Risk
618,46,2024-09-19,99,Medium Risk
619,30,2024-10-18,70,Medium Risk
620,46,2024-11-14,43,Medium Risk
621,27,2024-09-10,108,Medium Risk
622,16,2024-10-23,65,Medium Risk
623,1,2020-09-12,1567,New
624,53,2024-10-13,75,Medium Risk
625,36,2024-10-22,66,Medium Risk
626,18,2024-10-11,77,Medium Risk
627,8,2024-08-13,136,Elevated Risk
628,2,2022-04-19,983,Highest Risk
629,24,2024-09-07,111,Medium Risk
630,16,2024-11-16,41,Medium Risk
631,31,2024-11-09,48,Medium Risk
632,63,2024-09-21,97,Medium Risk
633,82,2024-10-27,61,Medium Risk
634,41,2024-09-23,95,Medium Risk
635,31,2024-07-25,155,Medium Risk
636,43,2024-07-11,169,Medium Risk
637,55,2024-12-25,2,Low Risk
638,93,2024-11-26,31,Medium Risk
639,62,2024-10-01,87,Medium Risk
640,19,2024-09-06,112,Medium Risk
641,51,2024-11-07,50,Medium Risk
642,13,2024-09-05,113,Medium Risk
643,67,2024-11-25,32,Medium Risk
644,17,2024-09-17,101,Medium Risk
645,69,2024-11-26,31,Medium Risk
646,7,2024-02-10,321,Elevated Risk
647,59,2024-12-27,0,Low Risk
648,48,2024-08-18,131,Medium Risk
649,34,2024-09-20,98,Medium Risk
650,61,2024-11-13,44,Medium Risk
651,44,2024-09-18,100,Medium Risk
652,62,2024-11-23,34,Medium Risk
653,24,2024-09-22,96,Medium Risk
654,18,2024-08-22,127,Medium Risk
655,52,2024-10-08,80,Medium Risk
656,60,2024-10-12,76,Medium Risk
657,58,2024-11-16,41,Medium Risk
658,3,2022-05-05,967,Highest Risk
659,16,2024-10-09,79,Medium Risk
660,8,2024-02-26,305,Elevated Risk
661,7,2024-08-03,146,Elevated Risk
662,27,2024-08-17,132,Medium Risk
663,71,2024-10-07,81,Medium Risk
664,50,2024-12-02,25,Low Risk
665,52,2024-11-03,54,Medium Risk
666,6,2024-09-08,110,Elevated Risk
667,12,2024-07-04,176,Medium Risk
668,9,2024-03-06,296,Elevated Risk
669,36,2024-12-12,15,Low Risk
670,37,2024-10-19,69,Medium Risk
671,28,2024-06-17,193,Medium Risk
672,27,2024-08-05,144,Medium Risk
673,88,2024-11-11,46,Medium Risk
674,52,2024-10-21,67,Medium Risk
675,71,2024-11-05,52,Medium Risk
676,39,2024-11-16,41,Medium Risk
677,31,2024-10-24,64,Medium Risk
678,34,2024-10-21,67,Medium Risk
679,32,2024-12-25,2,Low Risk
680,85,2024-12-12,15,Low Risk
681,9,2024-08-01,148,Elevated Risk
682,19,2024-05-14,227,Medium Risk
683,62,2024-11-25,32,Medium Risk
684,13,2024-07-26,154,Medium Risk
685,24,2024-08-12,137,Medium Risk
686,40,2024-12-01,26,Low Risk
687,87,2024-10-07,81,Medium Risk
688,47,2024-11-03,54,Medium Risk
689,36,2024-11-04,53,Medium Risk
690,19,2024-10-23,65,Medium Risk
691,65,2024-10-26,62,Medium Risk
692,28,2024-09-14,104,Medium Risk
693,7,2024-01-17,345,Elevated Risk
694,60,2024-11-19,38,Medium Risk
695,24,2024-08-16,133,Medium Risk
696,17,2024-08-07,142,Medium Risk
697,70,2024-12-23,4,Low Risk
698,33,2024-11-23,34,Medium Risk
699,22,2024-07-14,166,Medium Risk
700,14,2024-10-06,82,Medium Risk
701,8,2024-12-22,5,Moderate Risk
702,18,2024-05-10,231,Medium Risk
703,12,2024-09-15,103,Medium Risk
704,73,2024-11-27,30,Low Risk
705,13,2024-05-26,215,Medium Risk
706,35,2024-12-23,4,Low Risk
707,50,2024-10-23,65,Medium Risk
708,3,2023-02-15,681,Highest Risk
709,53,2024-12-27,0,Low Risk
710,18,2024-04-26,245,Medium Risk
711,12,2024-11-13,44,Medium Risk
712,9,2024-09-01,117,Elevated Risk
713,8,2024-02-06,325,Elevated Risk
714,27,2024-10-18,70,Medium Risk
715,13,2024-06-17,193,Medium Risk
716,11,2024-11-09,48,Moderate Risk
717,60,2024-12-17,10,Low Risk
718,38,2024-11-22,35,Medium Risk
719,18,2024-10-27,61,Medium Risk
720,41,2024-08-22,127,Medium Risk
721,35,2024-08-16,133,Medium Risk
722,10,2024-08-22,127,Elevated Risk
723,65,2024-12-03,24,Low Risk
724,80,2024-11-12,45,Medium Risk
725,31,2024-10-21,67,Medium Risk
726,28,2024-08-08,141,Medium Risk
727,61,2024-10-10,78,Medium Risk
728,21,2024-08-10,139,Medium Risk
729,23,2024-10-01,87,Medium Risk
730,45,2024-09-09,109,Medium Risk
731,56,2024-11-07,50,Medium Risk
732,54,2024-10-21,67,Medium Risk
733,59,2024-11-06,51,Medium Risk
734,33,2024-10-18,70,Medium Risk
735,49,2024-11-25,32,Medium Risk
736,55,2024-10-25,63,Medium Risk
737,79,2024-08-12,137,Medium Risk
738,51,2024-11-14,43,Medium Risk
739,68,2024-11-26,31,Medium Risk
740,58,2024-11-27,30,Low Risk
741,32,2024-11-22,35,Medium Risk
742,65,2024-10-07,81,Medium Risk
743,77,2024-11-23,34,Medium Risk
744,27,2024-09-24,94,Medium Risk
745,55,2024-10-08,80,Medium Risk
746,48,2024-12-25,2,Low Risk
747,3,2024-09-16,102,High Risk
748,66,2024-11-22,35,Medium Risk
749,34,2024-11-06,51,Medium Risk
750,12,2024-08-14,135,Medium Risk
751,40,2024-08-21,128,Medium Risk
752,100,2024-11-19,38,Medium Risk
753,22,2024-11-04,53,Medium Risk
754,23,2024-10-15,73,Medium Risk
755,29,2024-10-11,77,Medium Risk
756,13,2024-10-25,63,Medium Risk
757,9,2024-09-01,117,Elevated Risk
758,92,2024-12-08,19,Low Risk
759,97,2024-12-25,2,Low Risk
760,66,2024-11-24,33,Medium Risk
761,17,2024-10-21,67,Medium Risk
762,56,2024-09-04,114,Medium Risk
763,6,2024-11-01,56,Moderate Risk
764,25,2024-09-13,105,Medium Risk
765,6,2024-05-15,226,Elevated Risk
766,33,2024-09-16,102,Medium Risk
767,55,2024-09-24,94,Medium Risk
768,79,2024-12-02,25,Low Risk
769,49,2024-09-16,102,Medium Risk
770,39,2024-11-04,53,Medium Risk
771,22,2024-09-25,93,Medium Risk
772,38,2024-10-23,65,Medium Risk
773,4,2023-02-02,694,Highest Risk
774,68,2024-10-18,70,Medium Risk
775,33,2024-09-24,94,Medium Risk
776,91,2024-11-07,50,Medium Risk
777,36,2024-10-21,67,Medium Risk
778,6,2024-06-20,190,Elevated Risk
779,56,2024-10-10,78,Medium Risk
780,3,2024-12-26,1,High Risk
781,32,2024-10-20,68,Medium Risk
782,23,2024-10-16,72,Medium Risk
783,23,2024-11-10,47,Medium Risk
784,16,2024-07-21,159,Medium Risk
785,62,2024-08-10,139,Medium Risk
786,44,2024-10-14,74,Medium Risk
787,64,2024-11-04,53,Medium Risk
788,50,2024-11-08,49,Medium Risk
789,34,2024-11-18,39,Medium Risk
790,49,2024-11-12,45,Medium Risk
791,16,2024-04-27,244,Medium Risk
792,85,2024-11-06,51,Medium Risk
793,2,2023-09-21,463,Highest Risk
794,33,2024-10-13,75,Medium Risk
795,17,2024-08-24,125,Medium Risk
796,2,2023-06-23,553,Highest Risk
797,47,2024-10-27,61,Medium Risk
798,94,2024-12-24,3,Low Risk
799,15,2024-11-26,31,Medium Risk
800,25,2024-09-09,109,Medium Risk
801,63,2024-09-22,96,Medium Risk
802,67,2024-11-27,30,Low Risk
803,71,2024-12-18,9,Low Risk
804,71,2024-10-25,63,Medium Risk
805,3,2023-08-08,507,Highest Risk
806,64,2024-12-03,24,Low Risk
807,13,2024-12-16,11,Low Risk
808,76,2024-12-27,0,Low Risk
809,14,2024-11-07,50,Medium Risk
810,39,2024-11-07,50,Medium Risk
811,52,2024-09-19,99,Medium Risk
812,19,2024-07-07,173,Medium Risk
813,35,2024-10-01,87,Medium Risk
814,16,2024-09-23,95,Medium Risk
815,83,2024-10-27,61,Medium Risk
816,80,2024-09-18,100,Medium Risk
817,101,2024-12-11,16,Low Risk
818,12,2024-06-21,189,Medium Risk
819,31,2024-09-27,91,Medium Risk
820,18,2024-08-11,138,Medium Risk
821,31,2024-10-13,75,Medium Risk
822,65,2024-11-18,39,Medium Risk
823,18,2024-09-13,105,Medium Risk
824,10,2024-09-12,106,Elevated Risk
825,16,2024-10-16,72,Medium Risk
826,31,2024-10-25,63,Medium Risk
827,4,2023-09-09,475,Highest Risk
828,23,2024-12-03,24,Low Risk
829,43,2024-11-24,33,Medium Risk
830,72,2024-08-23,126,Medium Risk
831,61,2024-10-22,66,Medium Risk
832,13,2024-07-11,169,Medium Risk
833,13,2024-04-07,264,Medium Risk
834,7,2024-07-27,153,Elevated Risk
835,38,2024-08-07,142,Medium Risk
836,47,2024-11-05,52,Medium Risk
837,82,2024-11-10,47,Medium Risk
838,67,2024-11-17,40,Medium Risk
839,13,2024-07-25,155,Medium Risk
840,22,2024-11-05,52,Medium Risk
841,21,2024-12-24,3,Low Risk
842,52,2024-11-06,51,Medium Risk
843,65,2024-10-19,69,Medium Risk
844,38,2024-11-14,43,Medium Risk
845,50,2024-10-27,61,Medium Risk
846,50,2024-10-25,63,Medium Risk
847,35,2024-09-26,92,Medium Risk
848,70,2024-11-24,33,Medium Risk
849,24,2024-11-11,46,Medium Risk
850,10,2024-07-22,158,Elevated Risk
851,69,2024-11-17,40,Medium Risk
852,72,2024-09-26,92,Medium Risk
853,40,2024-11-11,46,Medium Risk
854,56,2024-10-27,61,Medium Risk
855,27,2024-11-14,43,Medium Risk
856,29,2024-12-13,14,Low Risk
857,19,2024-09-02,116,Medium Risk
858,68,2024-11-16,41,Medium Risk
859,3,2022-08-24,856,Highest Risk
860,70,2024-09-08,110,Medium Risk
861,2,2024-07-03,177,High Risk
862,25,2024-11-02,55,Medium Risk
863,63,2024-12-01,26,Low Risk
864,51,2024-09-03,115,Medium Risk
865,63,2024-11-23,34,Medium Risk
866,3,2024-03-01,301,Highest Risk
867,59,2024-10-16,72,Medium Risk
868,29,2024-12-01,26,Low Risk
869,83,2024-11-09,48,Medium Risk
870,51,2024-09-26,92,Medium Risk
871,7,2024-05-22,219,Elevated Risk
872,7,2024-04-04,267,Elevated Risk
873,68,2024-09-18,100,Medium Risk
874,13,2024-08-21,128,Medium Risk
875,18,2024-06-09,201,Medium Risk
876,40,2024-11-11,46,Medium Risk
877,46,2024-11-27,30,Low Risk
878,49,2024-11-20,37,Medium Risk
879,12,2024-05-23,218,Medium Risk
880,19,2024-08-10,139,Medium Risk
881,17,2024-05-15,226,Medium Risk
882,11,2024-06-23,187,Elevated Risk
883,87,2024-10-23,65,Medium Risk
884,7,2024-11-22,35,Moderate Risk
885,46,2024-10-12,76,Medium Risk
886,46,2024-11-20,37,Medium Risk
887,19,2024-10-20,68,Medium Risk
888,60,2024-10-05,83,Medium Risk
889,8,2024-01-14,348,Elevated Risk
890,2,2023-03-19,649,Highest Risk
891,16,2024-10-25,63,Medium Risk
892,63,2024-12-09,18,Low Risk
893,45,2024-10-17,71,Medium Risk
894,23,2024-10-08,80,Medium Risk
895,1,2021-06-13,1293,New
896,41,2024-11-19,38,Medium Risk
897,65,2024-11-22,35,Medium Risk
898,62,2024-11-23,34,Medium Risk
899,82,2024-12-09,18,Low Risk
900,12,2024-10-23,65,Medium Risk
901,49,2024-11-25,32,Medium Risk
902,13,2024-09-24,94,Medium Risk
903,32,2024-07-22,158,Medium Risk
904,8,2024-05-16,225,Elevated Risk
905,69,2024-08-04,145,Medium Risk
906,39,2024-05-08,233,Medium Risk
907,24,2024-07-26,154,Medium Risk
908,12,2024-05-06,235,Medium Risk
909,70,2024-12-04,23,Low Risk
910,48,2024-12-01,26,Low Risk
911,3,2024-05-05,236,Highest Risk
912,8,2024-08-02,147,Elevated Risk
913,33,2024-11-26,31,Medium Risk
914,32,2024-11-19,38,Medium Risk
915,45,2024-10-07,81,Medium Risk
916,63,2024-11-16,41,Medium Risk
917,2,2022-11-13,775,Highest Risk
918,31,2024-11-07,50,Medium Risk
919,42,2024-12-03,24,Low Risk
920,39,2024-10-03,85,Medium Risk
921,35,2024-12-25,2,Low Risk
922,15,2024-09-19,99,Medium Risk
923,8,2024-09-09,109,Elevated Risk
924,45,2024-11-05,52,Medium Risk
925,66,2024-12-10,17,Low Risk
926,30,2024-11-22,35,Medium Risk
927,39,2024-11-24,33,Medium Risk
928,64,2024-11-08,49,Medium Risk
929,42,2024-10-02,86,Medium Risk
930,53,2024-10-19,69,Medium Risk
931,51,2024-11-27,30,Low Risk
932,22,2024-11-10,47,Medium Risk
933,55,2024-12-19,8,Low Risk
934,12,2024-09-07,111,Medium Risk
935,13,2024-08-26,123,Medium Risk
936,12,2024-12-04,23,Low Risk
937,7,2024-10-10,78,Moderate Risk
938,30,2024-10-20,68,Medium Risk
939,15,2024-09-06,112,Medium Risk
940,7,2024-06-16,194,Elevated Risk
941,43,2024-12-26,1,Low Risk
942,48,2024-09-05,113,Medium Risk
943,56,2024-10-21,67,Medium Risk
944,52,2024-10-26,62,Medium Risk
945,65,2024-11-09,48,Medium Risk
946,3,2023-08-01,514,Highest Risk
947,65,2024-12-20,7,Low Risk
948,86,2024-11-24,33,Medium Risk
949,18,2024-08-24,125,Medium Risk
950,96,2024-12-23,4,Low Risk
951,70,2024-12-07,20,Low Risk
952,64,2024-12-10,17,Low Risk
953,83,2024-10-07,81,Medium Risk
954,73,2024-11-26,31,Medium Risk
955,49,2024-12-26,1,Low Risk
956,23,2024-10-12,76,Medium Risk
957,22,2024-06-22,188,Medium Risk
958,72,2024-11-20,37,Medium Risk
959,11,2024-07-03,177,Elevated Risk
960,9,2024-12-17,10,Moderate Risk
961,43,2024-12-12,15,Low Risk
962,66,2024-12-06,21,Low Risk
963,64,2024-10-08,80,Medium Risk
964,66,2024-12-15,12,Low Risk
965,12,2024-10-12,76,Medium Risk
966,49,2024-10-01,87,Medium Risk
967,95,2024-10-16,72,Medium Risk
968,22,2024-11-06,51,Medium Risk
969,37,2024-09-05,113,Medium Risk
970,54,2024-11-11,46,Medium Risk
971,63,2024-11-15,42,Medium Risk
972,50,2024-10-22,66,Medium Risk
973,29,2024-10-16,72,Medium Risk
974,7,2024-07-07,173,Elevated Risk
975,68,2024-12-05,22,Low Risk
976,35,2024-11-12,45,Medium Risk
977,88,2024-10-16,72,Medium Risk
978,35,2024-08-20,129,Medium Risk
979,24,2024-08-12,137,Medium Risk
980,54,2024-11-11,46,Medium Risk
981,64,2024-10-12,76,Medium Risk
982,34,2024-12-12,15,Low Risk
983,25,2024-08-23,126,Medium Risk
984,62,2024-10-14,74,Medium Risk
985,43,2024-10-24,64,Medium Risk
986,2,2023-05-04,603,Highest Risk
987,88,2024-11-24,33,Medium Risk
988,39,2024-10-07,81,Medium Risk
989,40,2024-11-19,38,Medium Risk
990,13,2024-07-24,156,Medium Risk
991,12,2024-04-20,251,Medium Risk
992,32,2024-12-23,4,Low Risk
993,57,2024-12-18,9,Low Risk
994,49,2024-12-20,7,Low Risk
995,70,2024-12-24,3,Low Risk
996,22,2024-04-11,260,Medium Risk
997,9,2024-05-27,214,Elevated Risk
998,39,2024-07-20,160,Medium Risk
999,35,2024-07-12,168,Medium Risk
1000,13,2024-11-05,52,Medium Risk
