id,last_visit_date,predicted_next_visit
1,2024-11-10,2024-12-05
2,2024-12-22,2025-01-16
3,2024-08-25,2024-09-19
4,2024-11-16,2024-12-11
5,2024-11-25,2024-12-20
6,2024-04-13,2024-05-08
7,2024-09-06,2024-10-01
8,2024-08-26,2024-09-20
9,2024-10-20,2024-11-14
10,2024-10-26,2024-11-20
11,2024-12-26,2025-01-20
12,2024-10-08,2024-11-02
13,2024-08-13,2024-09-07
14,2024-11-06,2024-12-01
15,2024-09-23,2024-10-18
16,2024-10-21,2024-11-15
17,2024-09-15,2024-10-10
18,2023-02-10,2023-03-07
19,2024-11-14,2024-12-09
20,2024-08-15,2024-09-09
21,2024-11-27,2024-12-22
22,2024-09-02,2024-09-27
23,2024-09-18,2024-10-13
24,2024-11-21,2024-12-16
25,2024-08-12,2024-09-06
26,2023-05-02,2023-05-27
27,2024-07-24,2024-08-18
28,2024-06-21,2024-07-16
29,2024-09-25,2024-10-20
30,2024-10-06,2024-10-31
31,2024-07-21,2024-08-15
32,2024-10-17,2024-11-11
33,2024-09-18,2024-10-13
34,2024-10-07,2024-11-01
35,2024-09-20,2024-10-15
36,2024-11-09,2024-12-04
37,2024-10-26,2024-11-20
38,2024-02-15,2024-03-11
39,2024-09-22,2024-10-17
40,2024-11-10,2024-12-05
41,2024-11-03,2024-11-28
42,2024-10-25,2024-11-19
43,2024-11-25,2024-12-20
44,2024-10-13,2024-11-07
45,2024-12-23,2025-01-17
46,2024-10-13,2024-11-07
47,2024-10-10,2024-11-04
48,2024-10-27,2024-11-21
49,2024-11-05,2024-11-30
50,2024-11-16,2024-12-11
51,2024-10-22,2024-11-16
52,2024-12-27,2025-01-21
53,2024-08-26,2024-09-20
54,2024-08-06,2024-08-31
55,2024-11-19,2024-12-14
56,2024-10-10,2024-11-04
57,2024-11-09,2024-12-04
58,2024-11-04,2024-11-29
59,2024-11-26,2024-12-21
60,2024-10-23,2024-11-17
61,2024-10-19,2024-11-13
62,2024-12-27,2025-01-21
63,2024-11-11,2024-12-06
64,2024-12-05,2024-12-30
65,2024-12-24,2025-01-18
66,2024-09-16,2024-10-11
67,2024-09-20,2024-10-15
68,2024-08-26,2024-09-20
69,2024-11-17,2024-12-12
70,2024-10-24,2024-11-18
71,2024-11-01,2024-11-26
72,2024-12-17,2025-01-11
73,2024-11-19,2024-12-14
74,2024-12-16,2025-01-10
75,2024-12-05,2024-12-30
76,2024-10-11,2024-11-05
77,2024-07-11,2024-08-05
78,2024-11-01,2024-11-26
79,2024-10-09,2024-11-03
80,2024-10-06,2024-10-31
81,2024-11-01,2024-11-26
82,2024-10-12,2024-11-06
83,2024-10-20,2024-11-14
84,2024-08-15,2024-09-09
85,2024-08-17,2024-09-11
86,2024-09-12,2024-10-07
87,2024-12-06,2024-12-31
88,2024-10-23,2024-11-17
89,2024-11-01,2024-11-26
90,2024-08-26,2024-09-20
91,2024-10-20,2024-11-14
92,2024-10-15,2024-11-09
93,2024-11-18,2024-12-13
94,2024-10-08,2024-11-02
95,2024-11-04,2024-11-29
96,2024-09-22,2024-10-17
97,2024-02-01,2024-02-26
98,2024-11-26,2024-12-21
99,2024-10-04,2024-10-29
100,2024-09-25,2024-10-20
101,2024-11-13,2024-12-08
102,2024-12-04,2024-12-29
103,2024-12-15,2025-01-09
104,2024-12-05,2024-12-30
105,2024-12-16,2025-01-10
106,2024-09-23,2024-10-18
107,2024-09-19,2024-10-14
108,2024-10-14,2024-11-08
109,2024-12-22,2025-01-16
110,2024-12-19,2025-01-13
111,2024-12-20,2025-01-14
112,2024-10-12,2024-11-06
113,2024-11-25,2024-12-20
114,2024-11-08,2024-12-03
115,2024-12-10,2025-01-04
116,2024-10-09,2024-11-03
117,2024-10-25,2024-11-19
118,2024-10-25,2024-11-19
119,2024-09-11,2024-10-06
120,2024-09-17,2024-10-12
121,2024-10-12,2024-11-06
122,2024-09-23,2024-10-18
123,2024-09-14,2024-10-09
124,2024-11-09,2024-12-04
126,2024-08-22,2024-09-16
127,2024-09-06,2024-10-01
128,2024-02-24,2024-03-20
129,2022-09-03,2022-09-28
130,2024-11-05,2024-11-30
131,2024-09-22,2024-10-17
132,2024-09-15,2024-10-10
133,2024-11-16,2024-12-11
134,2024-12-16,2025-01-10
135,2024-10-13,2024-11-07
136,2024-09-07,2024-10-02
137,2024-08-18,2024-09-12
138,2024-08-20,2024-09-14
139,2023-04-04,2023-04-29
140,2024-11-23,2024-12-18
141,2024-12-15,2025-01-09
142,2024-11-17,2024-12-12
143,2024-10-18,2024-11-12
144,2024-12-24,2025-01-18
145,2024-11-23,2024-12-18
146,2023-10-12,2023-11-06
147,2024-07-23,2024-08-17
148,2024-10-04,2024-10-29
149,2024-11-24,2024-12-19
150,2024-10-20,2024-11-14
151,2024-09-09,2024-10-04
152,2024-10-06,2024-10-31
153,2024-10-14,2024-11-08
154,2024-08-20,2024-09-14
155,2024-08-14,2024-09-08
156,2024-12-15,2025-01-09
157,2024-11-14,2024-12-09
158,2024-07-14,2024-08-08
159,2024-10-20,2024-11-14
160,2024-07-06,2024-07-31
161,2024-10-13,2024-11-07
162,2024-06-22,2024-07-17
163,2024-07-20,2024-08-14
164,2024-11-17,2024-12-12
165,2024-11-08,2024-12-03
166,2024-11-04,2024-11-29
167,2024-11-17,2024-12-12
168,2024-11-01,2024-11-26
169,2024-10-13,2024-11-07
170,2024-11-07,2024-12-02
171,2024-11-04,2024-11-29
172,2024-08-24,2024-09-18
173,2024-06-18,2024-07-13
174,2024-11-22,2024-12-17
175,2024-10-27,2024-11-21
176,2024-05-24,2024-06-18
177,2023-07-08,2023-08-02
178,2024-10-01,2024-10-26
179,2024-07-10,2024-08-04
180,2024-11-26,2024-12-21
181,2024-09-08,2024-10-03
182,2024-11-15,2024-12-10
183,2024-11-20,2024-12-15
184,2024-11-19,2024-12-14
185,2024-10-20,2024-11-14
186,2024-09-15,2024-10-10
187,2024-06-15,2024-07-10
188,2024-11-11,2024-12-06
189,2024-10-21,2024-11-15
190,2024-08-15,2024-09-09
191,2024-11-15,2024-12-10
192,2024-11-05,2024-11-30
193,2024-11-23,2024-12-18
194,2024-08-13,2024-09-07
195,2024-03-16,2024-04-10
196,2024-09-11,2024-10-06
197,2024-10-26,2024-11-20
198,2024-11-15,2024-12-10
199,2024-10-02,2024-10-27
200,2024-08-18,2024-09-12
201,2024-10-13,2024-11-07
202,2024-05-18,2024-06-12
203,2024-10-18,2024-11-12
204,2024-11-24,2024-12-19
205,2024-12-15,2025-01-09
206,2024-11-09,2024-12-04
207,2024-09-27,2024-10-22
208,2024-11-22,2024-12-17
209,2024-07-16,2024-08-10
210,2024-12-07,2025-01-01
211,2024-09-10,2024-10-05
212,2024-10-09,2024-11-03
213,2024-10-26,2024-11-20
214,2024-12-05,2024-12-30
215,2024-11-09,2024-12-04
216,2024-09-20,2024-10-15
217,2024-09-07,2024-10-02
218,2024-12-12,2025-01-06
219,2024-11-24,2024-12-19
220,2024-12-11,2025-01-05
221,2024-12-03,2024-12-28
222,2024-09-20,2024-10-15
223,2022-04-19,2022-05-14
224,2024-10-15,2024-11-09
225,2024-09-17,2024-10-12
226,2024-09-12,2024-10-07
227,2024-10-08,2024-11-02
228,2024-12-18,2025-01-12
229,2024-11-17,2024-12-12
230,2024-10-11,2024-11-05
231,2024-11-20,2024-12-15
232,2024-06-02,2024-06-27
233,2024-12-19,2025-01-13
234,2024-09-25,2024-10-20
235,2024-05-09,2024-06-03
236,2024-11-24,2024-12-19
237,2024-08-13,2024-09-07
238,2024-11-26,2024-12-21
239,2024-09-08,2024-10-03
240,2024-08-04,2024-08-29
241,2024-07-21,2024-08-15
242,2024-09-07,2024-10-02
243,2024-08-03,2024-08-28
244,2024-12-22,2025-01-16
245,2024-12-12,2025-01-06
246,2024-11-18,2024-12-13
247,2024-10-16,2024-11-10
248,2024-08-16,2024-09-10
249,2024-11-15,2024-12-10
250,2024-11-14,2024-12-09
251,2024-07-16,2024-08-10
252,2024-10-18,2024-11-12
253,2024-08-15,2024-09-09
254,2024-08-19,2024-09-13
255,2024-07-24,2024-08-18
256,2024-09-20,2024-10-15
257,2024-09-16,2024-10-11
258,2024-06-03,2024-06-28
259,2024-12-05,2024-12-30
260,2024-11-25,2024-12-20
261,2024-11-12,2024-12-07
262,2024-11-09,2024-12-04
263,2024-11-10,2024-12-05
264,2024-06-18,2024-07-13
265,2024-10-27,2024-11-21
266,2024-11-03,2024-11-28
267,2024-12-14,2025-01-08
268,2024-08-19,2024-09-13
269,2024-06-15,2024-07-10
270,2024-10-05,2024-10-30
271,2024-10-07,2024-11-01
272,2024-10-16,2024-11-10
273,2024-09-07,2024-10-02
274,2024-10-04,2024-10-29
275,2024-10-19,2024-11-13
276,2024-12-18,2025-01-12
277,2024-12-17,2025-01-11
278,2024-08-14,2024-09-08
279,2024-11-04,2024-11-29
280,2024-10-12,2024-11-06
281,2024-09-26,2024-10-21
282,2024-10-18,2024-11-12
283,2024-11-15,2024-12-10
284,2024-09-07,2024-10-02
285,2024-11-18,2024-12-13
286,2024-12-20,2025-01-14
287,2024-10-25,2024-11-19
288,2024-08-23,2024-09-17
289,2024-11-09,2024-12-04
290,2024-12-17,2025-01-11
291,2024-08-15,2024-09-09
292,2024-08-18,2024-09-12
293,2024-12-13,2025-01-07
294,2024-11-09,2024-12-04
295,2024-10-21,2024-11-15
296,2023-06-23,2023-07-18
297,2024-10-11,2024-11-05
298,2024-05-10,2024-06-04
299,2024-11-19,2024-12-14
300,2024-11-15,2024-12-10
301,2024-09-09,2024-10-04
302,2024-12-08,2025-01-02
303,2024-12-14,2025-01-08
304,2024-04-21,2024-05-16
305,2024-10-26,2024-11-20
306,2024-08-05,2024-08-30
307,2024-08-23,2024-09-17
308,2024-11-14,2024-12-09
309,2024-10-23,2024-11-17
310,2024-09-21,2024-10-16
311,2024-10-11,2024-11-05
312,2024-07-18,2024-08-12
313,2024-08-21,2024-09-15
314,2023-02-10,2023-03-07
315,2024-05-27,2024-06-21
316,2024-09-24,2024-10-19
317,2024-09-20,2024-10-15
318,2024-12-25,2025-01-19
319,2024-11-12,2024-12-07
320,2024-11-09,2024-12-04
321,2024-11-07,2024-12-02
322,2024-08-06,2024-08-31
323,2024-10-09,2024-11-03
324,2024-12-18,2025-01-12
325,2024-08-23,2024-09-17
326,2024-11-01,2024-11-26
327,2024-11-18,2024-12-13
328,2024-12-22,2025-01-16
329,2024-10-03,2024-10-28
330,2024-05-02,2024-05-27
331,2024-12-03,2024-12-28
332,2024-09-12,2024-10-07
333,2024-11-20,2024-12-15
334,2022-05-21,2022-06-15
335,2024-10-13,2024-11-07
336,2024-04-09,2024-05-04
337,2024-10-03,2024-10-28
338,2024-10-13,2024-11-07
339,2024-11-11,2024-12-06
340,2024-06-10,2024-07-05
341,2024-10-21,2024-11-15
342,2024-09-13,2024-10-08
343,2024-10-19,2024-11-13
344,2024-12-04,2024-12-29
345,2024-11-23,2024-12-18
346,2024-12-20,2025-01-14
347,2024-09-23,2024-10-18
348,2024-09-07,2024-10-02
349,2024-07-14,2024-08-08
350,2024-12-21,2025-01-15
351,2022-08-11,2022-09-05
352,2024-12-03,2024-12-28
353,2024-10-22,2024-11-16
354,2024-08-20,2024-09-14
355,2024-10-27,2024-11-21
356,2024-06-17,2024-07-12
357,2024-11-21,2024-12-16
358,2024-12-05,2024-12-30
359,2024-09-23,2024-10-18
360,2024-04-11,2024-05-06
361,2024-12-26,2025-01-20
362,2024-10-08,2024-11-02
363,2024-08-27,2024-09-21
364,2024-07-24,2024-08-18
365,2024-11-11,2024-12-06
366,2024-05-13,2024-06-07
367,2024-08-20,2024-09-14
368,2024-09-27,2024-10-22
369,2024-09-19,2024-10-14
370,2024-10-26,2024-11-20
371,2024-11-25,2024-12-20
372,2024-10-16,2024-11-10
373,2024-10-23,2024-11-17
374,2024-12-11,2025-01-05
375,2024-11-19,2024-12-14
376,2024-11-10,2024-12-05
377,2024-12-15,2025-01-09
378,2024-09-25,2024-10-20
379,2024-10-19,2024-11-13
380,2024-10-09,2024-11-03
381,2024-10-07,2024-11-01
382,2024-10-19,2024-11-13
383,2024-11-03,2024-11-28
384,2024-11-01,2024-11-26
385,2024-07-03,2024-07-28
386,2024-10-08,2024-11-02
387,2024-10-01,2024-10-26
388,2024-12-04,2024-12-29
389,2024-09-26,2024-10-21
390,2024-11-04,2024-11-29
391,2024-12-05,2024-12-30
392,2024-08-03,2024-08-28
393,2024-08-13,2024-09-07
394,2024-09-07,2024-10-02
395,2024-09-06,2024-10-01
396,2024-12-06,2024-12-31
397,2024-09-26,2024-10-21
398,2024-12-17,2025-01-11
399,2024-10-12,2024-11-06
400,2024-12-06,2024-12-31
401,2024-12-13,2025-01-07
402,2024-11-12,2024-12-07
403,2024-11-03,2024-11-28
404,2024-10-10,2024-11-04
405,2024-06-09,2024-07-04
406,2024-10-09,2024-11-03
407,2024-11-06,2024-12-01
408,2024-12-27,2025-01-21
409,2024-11-06,2024-12-01
410,2024-12-12,2025-01-06
411,2024-11-21,2024-12-16
412,2024-11-04,2024-11-29
413,2024-12-16,2025-01-10
414,2024-11-19,2024-12-14
415,2024-11-09,2024-12-04
416,2024-11-14,2024-12-09
417,2024-11-09,2024-12-04
418,2024-08-27,2024-09-21
419,2024-11-25,2024-12-20
420,2024-10-08,2024-11-02
421,2024-09-20,2024-10-15
422,2024-10-20,2024-11-14
423,2024-06-21,2024-07-16
424,2024-10-16,2024-11-10
425,2024-10-07,2024-11-01
426,2024-10-24,2024-11-18
427,2024-10-25,2024-11-19
428,2024-09-13,2024-10-08
429,2024-10-12,2024-11-06
430,2024-08-11,2024-09-05
431,2024-12-10,2025-01-04
432,2024-11-17,2024-12-12
433,2024-07-13,2024-08-07
434,2024-10-02,2024-10-27
435,2024-09-21,2024-10-16
436,2024-11-16,2024-12-11
437,2024-12-26,2025-01-20
438,2024-08-07,2024-09-01
439,2024-11-27,2024-12-22
440,2024-12-27,2025-01-21
441,2024-06-11,2024-07-06
442,2024-07-17,2024-08-11
443,2024-10-25,2024-11-19
444,2024-07-25,2024-08-19
445,2024-11-26,2024-12-21
446,2024-12-04,2024-12-29
447,2024-12-11,2025-01-05
448,2024-11-10,2024-12-05
449,2024-08-11,2024-09-05
450,2024-08-05,2024-08-30
451,2024-09-10,2024-10-05
452,2024-12-01,2024-12-26
453,2024-10-09,2024-11-03
454,2024-11-01,2024-11-26
455,2024-09-09,2024-10-04
456,2024-08-14,2024-09-08
457,2024-11-16,2024-12-11
458,2024-11-14,2024-12-09
459,2024-12-17,2025-01-11
460,2024-09-23,2024-10-18
461,2024-08-22,2024-09-16
462,2024-10-23,2024-11-17
463,2024-11-22,2024-12-17
464,2024-10-04,2024-10-29
465,2024-08-06,2024-08-31
466,2024-06-25,2024-07-20
467,2022-02-09,2022-03-06
468,2024-09-05,2024-09-30
469,2024-10-08,2024-11-02
470,2024-09-08,2024-10-03
471,2024-06-14,2024-07-09
472,2024-11-13,2024-12-08
473,2024-10-16,2024-11-10
474,2024-09-22,2024-10-17
475,2024-11-22,2024-12-17
476,2024-08-11,2024-09-05
477,2024-08-03,2024-08-28
478,2024-07-25,2024-08-19
479,2024-09-21,2024-10-16
480,2024-11-15,2024-12-10
481,2024-11-10,2024-12-05
482,2024-09-07,2024-10-02
483,2024-10-12,2024-11-06
484,2024-07-11,2024-08-05
485,2024-11-18,2024-12-13
486,2024-12-08,2025-01-02
487,2024-03-01,2024-03-26
488,2024-11-15,2024-12-10
489,2024-11-17,2024-12-12
490,2024-11-19,2024-12-14
491,2024-05-26,2024-06-20
492,2024-11-03,2024-11-28
493,2024-10-14,2024-11-08
494,2024-09-23,2024-10-18
495,2024-10-09,2024-11-03
496,2024-11-26,2024-12-21
497,2024-11-21,2024-12-16
498,2024-10-25,2024-11-19
499,2024-12-08,2025-01-02
500,2024-09-25,2024-10-20
501,2024-04-22,2024-05-17
502,2024-11-26,2024-12-21
503,2024-10-21,2024-11-15
504,2024-12-11,2025-01-05
505,2024-10-09,2024-11-03
506,2024-10-16,2024-11-10
507,2024-05-02,2024-05-27
508,2024-06-10,2024-07-05
509,2024-07-12,2024-08-06
510,2024-08-24,2024-09-18
511,2024-10-22,2024-11-16
512,2024-10-11,2024-11-05
513,2024-11-21,2024-12-16
514,2024-12-20,2025-01-14
515,2024-10-24,2024-11-18
516,2024-12-10,2025-01-04
517,2024-10-10,2024-11-04
518,2024-08-23,2024-09-17
519,2024-08-12,2024-09-06
520,2024-10-07,2024-11-01
521,2024-11-17,2024-12-12
522,2024-12-18,2025-01-12
523,2024-11-09,2024-12-04
524,2024-05-06,2024-05-31
525,2024-11-22,2024-12-17
526,2023-07-25,2023-08-19
527,2024-12-03,2024-12-28
528,2024-07-25,2024-08-19
529,2024-10-15,2024-11-09
530,2024-08-11,2024-09-05
531,2024-09-15,2024-10-10
532,2024-09-12,2024-10-07
533,2024-11-20,2024-12-15
534,2024-09-09,2024-10-04
535,2024-09-04,2024-09-29
536,2024-08-15,2024-09-09
537,2024-12-13,2025-01-07
538,2024-11-13,2024-12-08
539,2024-10-19,2024-11-13
540,2024-09-27,2024-10-22
541,2024-11-22,2024-12-17
542,2024-08-24,2024-09-18
543,2024-11-07,2024-12-02
544,2024-12-26,2025-01-20
545,2024-11-05,2024-11-30
546,2024-08-01,2024-08-26
547,2024-08-22,2024-09-16
548,2024-11-14,2024-12-09
549,2024-08-27,2024-09-21
550,2024-09-10,2024-10-05
551,2024-11-16,2024-12-11
552,2024-07-21,2024-08-15
553,2024-08-16,2024-09-10
554,2024-10-22,2024-11-16
555,2024-07-09,2024-08-03
556,2024-09-06,2024-10-01
557,2024-08-25,2024-09-19
558,2024-11-19,2024-12-14
559,2024-11-10,2024-12-05
560,2024-10-26,2024-11-20
561,2024-10-16,2024-11-10
562,2024-11-21,2024-12-16
563,2024-11-21,2024-12-16
564,2024-10-09,2024-11-03
565,2024-08-09,2024-09-03
566,2024-12-16,2025-01-10
567,2024-10-23,2024-11-17
568,2024-10-10,2024-11-04
569,2024-07-09,2024-08-03
570,2024-09-27,2024-10-22
571,2024-09-15,2024-10-10
572,2020-11-09,2020-12-04
573,2024-12-25,2025-01-19
574,2024-12-07,2025-01-01
575,2024-08-25,2024-09-19
576,2024-09-03,2024-09-28
577,2024-11-01,2024-11-26
578,2024-10-04,2024-10-29
579,2024-12-15,2025-01-09
580,2024-09-10,2024-10-05
581,2024-07-15,2024-08-09
582,2024-12-09,2025-01-03
583,2024-10-11,2024-11-05
584,2024-10-14,2024-11-08
585,2024-11-13,2024-12-08
586,2024-08-02,2024-08-27
587,2024-11-01,2024-11-26
588,2024-07-16,2024-08-10
589,2024-10-15,2024-11-09
590,2024-12-27,2025-01-21
591,2024-11-13,2024-12-08
592,2024-11-21,2024-12-16
593,2024-10-23,2024-11-17
594,2024-09-09,2024-10-04
595,2024-11-11,2024-12-06
596,2024-10-07,2024-11-01
597,2024-07-26,2024-08-20
598,2023-02-06,2023-03-03
599,2024-11-25,2024-12-20
600,2024-06-19,2024-07-14
601,2024-09-24,2024-10-19
602,2024-10-14,2024-11-08
603,2024-12-19,2025-01-13
604,2024-10-15,2024-11-09
605,2024-09-13,2024-10-08
606,2024-08-13,2024-09-07
607,2024-12-06,2024-12-31
608,2024-11-22,2024-12-17
609,2024-11-03,2024-11-28
610,2024-12-10,2025-01-04
611,2024-12-27,2025-01-21
612,2024-11-07,2024-12-02
613,2024-11-02,2024-11-27
614,2024-09-15,2024-10-10
615,2024-11-15,2024-12-10
616,2024-11-06,2024-12-01
617,2024-10-05,2024-10-30
618,2024-09-19,2024-10-14
619,2024-10-18,2024-11-12
620,2024-11-14,2024-12-09
621,2024-09-10,2024-10-05
622,2024-10-23,2024-11-17
623,2020-09-12,2020-10-07
624,2024-10-13,2024-11-07
625,2024-10-22,2024-11-16
626,2024-10-11,2024-11-05
627,2024-08-13,2024-09-07
628,2022-04-19,2022-05-14
629,2024-09-07,2024-10-02
630,2024-11-16,2024-12-11
631,2024-11-09,2024-12-04
632,2024-09-21,2024-10-16
633,2024-10-27,2024-11-21
634,2024-09-23,2024-10-18
635,2024-07-25,2024-08-19
636,2024-07-11,2024-08-05
637,2024-12-25,2025-01-19
638,2024-11-26,2024-12-21
639,2024-10-01,2024-10-26
640,2024-09-06,2024-10-01
641,2024-11-07,2024-12-02
642,2024-09-05,2024-09-30
643,2024-11-25,2024-12-20
644,2024-09-17,2024-10-12
645,2024-11-26,2024-12-21
646,2024-02-10,2024-03-06
647,2024-12-27,2025-01-21
648,2024-08-18,2024-09-12
649,2024-09-20,2024-10-15
650,2024-11-13,2024-12-08
651,2024-09-18,2024-10-13
652,2024-11-23,2024-12-18
653,2024-09-22,2024-10-17
654,2024-08-22,2024-09-16
655,2024-10-08,2024-11-02
656,2024-10-12,2024-11-06
657,2024-11-16,2024-12-11
658,2022-05-05,2022-05-30
659,2024-10-09,2024-11-03
660,2024-02-26,2024-03-22
661,2024-08-03,2024-08-28
662,2024-08-17,2024-09-11
663,2024-10-07,2024-11-01
664,2024-12-02,2024-12-27
665,2024-11-03,2024-11-28
666,2024-09-08,2024-10-03
667,2024-07-04,2024-07-29
668,2024-03-06,2024-03-31
669,2024-12-12,2025-01-06
670,2024-10-19,2024-11-13
671,2024-06-17,2024-07-12
672,2024-08-05,2024-08-30
673,2024-11-11,2024-12-06
674,2024-10-21,2024-11-15
675,2024-11-05,2024-11-30
676,2024-11-16,2024-12-11
677,2024-10-24,2024-11-18
678,2024-10-21,2024-11-15
679,2024-12-25,2025-01-19
680,2024-12-12,2025-01-06
681,2024-08-01,2024-08-26
682,2024-05-14,2024-06-08
683,2024-11-25,2024-12-20
684,2024-07-26,2024-08-20
685,2024-08-12,2024-09-06
686,2024-12-01,2024-12-26
687,2024-10-07,2024-11-01
688,2024-11-03,2024-11-28
689,2024-11-04,2024-11-29
690,2024-10-23,2024-11-17
691,2024-10-26,2024-11-20
692,2024-09-14,2024-10-09
693,2024-01-17,2024-02-11
694,2024-11-19,2024-12-14
695,2024-08-16,2024-09-10
696,2024-08-07,2024-09-01
697,2024-12-23,2025-01-17
698,2024-11-23,2024-12-18
699,2024-07-14,2024-08-08
700,2024-10-06,2024-10-31
701,2024-12-22,2025-01-16
702,2024-05-10,2024-06-04
703,2024-09-15,2024-10-10
704,2024-11-27,2024-12-22
705,2024-05-26,2024-06-20
706,2024-12-23,2025-01-17
707,2024-10-23,2024-11-17
708,2023-02-15,2023-03-12
709,2024-12-27,2025-01-21
710,2024-04-26,2024-05-21
711,2024-11-13,2024-12-08
712,2024-09-01,2024-09-26
713,2024-02-06,2024-03-02
714,2024-10-18,2024-11-12
715,2024-06-17,2024-07-12
716,2024-11-09,2024-12-04
717,2024-12-17,2025-01-11
718,2024-11-22,2024-12-17
719,2024-10-27,2024-11-21
720,2024-08-22,2024-09-16
721,2024-08-16,2024-09-10
722,2024-08-22,2024-09-16
723,2024-12-03,2024-12-28
724,2024-11-12,2024-12-07
725,2024-10-21,2024-11-15
726,2024-08-08,2024-09-02
727,2024-10-10,2024-11-04
728,2024-08-10,2024-09-04
729,2024-10-01,2024-10-26
730,2024-09-09,2024-10-04
731,2024-11-07,2024-12-02
732,2024-10-21,2024-11-15
733,2024-11-06,2024-12-01
734,2024-10-18,2024-11-12
735,2024-11-25,2024-12-20
736,2024-10-25,2024-11-19
737,2024-08-12,2024-09-06
738,2024-11-14,2024-12-09
739,2024-11-26,2024-12-21
740,2024-11-27,2024-12-22
741,2024-11-22,2024-12-17
742,2024-10-07,2024-11-01
743,2024-11-23,2024-12-18
744,2024-09-24,2024-10-19
745,2024-10-08,2024-11-02
746,2024-12-25,2025-01-19
747,2024-09-16,2024-10-11
748,2024-11-22,2024-12-17
749,2024-11-06,2024-12-01
750,2024-08-14,2024-09-08
751,2024-08-21,2024-09-15
752,2024-11-19,2024-12-14
753,2024-11-04,2024-11-29
754,2024-10-15,2024-11-09
755,2024-10-11,2024-11-05
756,2024-10-25,2024-11-19
757,2024-09-01,2024-09-26
758,2024-12-08,2025-01-02
759,2024-12-25,2025-01-19
760,2024-11-24,2024-12-19
761,2024-10-21,2024-11-15
762,2024-09-04,2024-09-29
763,2024-11-01,2024-11-26
764,2024-09-13,2024-10-08
765,2024-05-15,2024-06-09
766,2024-09-16,2024-10-11
767,2024-09-24,2024-10-19
768,2024-12-02,2024-12-27
769,2024-09-16,2024-10-11
770,2024-11-04,2024-11-29
771,2024-09-25,2024-10-20
772,2024-10-23,2024-11-17
773,2023-02-02,2023-02-27
774,2024-10-18,2024-11-12
775,2024-09-24,2024-10-19
776,2024-11-07,2024-12-02
777,2024-10-21,2024-11-15
778,2024-06-20,2024-07-15
779,2024-10-10,2024-11-04
780,2024-12-26,2025-01-20
781,2024-10-20,2024-11-14
782,2024-10-16,2024-11-10
783,2024-11-10,2024-12-05
784,2024-07-21,2024-08-15
785,2024-08-10,2024-09-04
786,2024-10-14,2024-11-08
787,2024-11-04,2024-11-29
788,2024-11-08,2024-12-03
789,2024-11-18,2024-12-13
790,2024-11-12,2024-12-07
791,2024-04-27,2024-05-22
792,2024-11-06,2024-12-01
793,2023-09-21,2023-10-16
794,2024-10-13,2024-11-07
795,2024-08-24,2024-09-18
796,2023-06-23,2023-07-18
797,2024-10-27,2024-11-21
798,2024-12-24,2025-01-18
799,2024-11-26,2024-12-21
800,2024-09-09,2024-10-04
801,2024-09-22,2024-10-17
802,2024-11-27,2024-12-22
803,2024-12-18,2025-01-12
804,2024-10-25,2024-11-19
805,2023-08-08,2023-09-02
806,2024-12-03,2024-12-28
807,2024-12-16,2025-01-10
808,2024-12-27,2025-01-21
809,2024-11-07,2024-12-02
810,2024-11-07,2024-12-02
811,2024-09-19,2024-10-14
812,2024-07-07,2024-08-01
813,2024-10-01,2024-10-26
814,2024-09-23,2024-10-18
815,2024-10-27,2024-11-21
816,2024-09-18,2024-10-13
817,2024-12-11,2025-01-05
818,2024-06-21,2024-07-16
819,2024-09-27,2024-10-22
820,2024-08-11,2024-09-05
821,2024-10-13,2024-11-07
822,2024-11-18,2024-12-13
823,2024-09-13,2024-10-08
824,2024-09-12,2024-10-07
825,2024-10-16,2024-11-10
826,2024-10-25,2024-11-19
827,2023-09-09,2023-10-04
828,2024-12-03,2024-12-28
829,2024-11-24,2024-12-19
830,2024-08-23,2024-09-17
831,2024-10-22,2024-11-16
832,2024-07-11,2024-08-05
833,2024-04-07,2024-05-02
834,2024-07-27,2024-08-21
835,2024-08-07,2024-09-01
836,2024-11-05,2024-11-30
837,2024-11-10,2024-12-05
838,2024-11-17,2024-12-12
839,2024-07-25,2024-08-19
840,2024-11-05,2024-11-30
841,2024-12-24,2025-01-18
842,2024-11-06,2024-12-01
843,2024-10-19,2024-11-13
844,2024-11-14,2024-12-09
845,2024-10-27,2024-11-21
846,2024-10-25,2024-11-19
847,2024-09-26,2024-10-21
848,2024-11-24,2024-12-19
849,2024-11-11,2024-12-06
850,2024-07-22,2024-08-16
851,2024-11-17,2024-12-12
852,2024-09-26,2024-10-21
853,2024-11-11,2024-12-06
854,2024-10-27,2024-11-21
855,2024-11-14,2024-12-09
856,2024-12-13,2025-01-07
857,2024-09-02,2024-09-27
858,2024-11-16,2024-12-11
859,2022-08-24,2022-09-18
860,2024-09-08,2024-10-03
861,2024-07-03,2024-07-28
862,2024-11-02,2024-11-27
863,2024-12-01,2024-12-26
864,2024-09-03,2024-09-28
865,2024-11-23,2024-12-18
866,2024-03-01,2024-03-26
867,2024-10-16,2024-11-10
868,2024-12-01,2024-12-26
869,2024-11-09,2024-12-04
870,2024-09-26,2024-10-21
871,2024-05-22,2024-06-16
872,2024-04-04,2024-04-29
873,2024-09-18,2024-10-13
874,2024-08-21,2024-09-15
875,2024-06-09,2024-07-04
876,2024-11-11,2024-12-06
877,2024-11-27,2024-12-22
878,2024-11-20,2024-12-15
879,2024-05-23,2024-06-17
880,2024-08-10,2024-09-04
881,2024-05-15,2024-06-09
882,2024-06-23,2024-07-18
883,2024-10-23,2024-11-17
884,2024-11-22,2024-12-17
885,2024-10-12,2024-11-06
886,2024-11-20,2024-12-15
887,2024-10-20,2024-11-14
888,2024-10-05,2024-10-30
889,2024-01-14,2024-02-08
890,2023-03-19,2023-04-13
891,2024-10-25,2024-11-19
892,2024-12-09,2025-01-03
893,2024-10-17,2024-11-11
894,2024-10-08,2024-11-02
895,2021-06-13,2021-07-08
896,2024-11-19,2024-12-14
897,2024-11-22,2024-12-17
898,2024-11-23,2024-12-18
899,2024-12-09,2025-01-03
900,2024-10-23,2024-11-17
901,2024-11-25,2024-12-20
902,2024-09-24,2024-10-19
903,2024-07-22,2024-08-16
904,2024-05-16,2024-06-10
905,2024-08-04,2024-08-29
906,2024-05-08,2024-06-02
907,2024-07-26,2024-08-20
908,2024-05-06,2024-05-31
909,2024-12-04,2024-12-29
910,2024-12-01,2024-12-26
911,2024-05-05,2024-05-30
912,2024-08-02,2024-08-27
913,2024-11-26,2024-12-21
914,2024-11-19,2024-12-14
915,2024-10-07,2024-11-01
916,2024-11-16,2024-12-11
917,2022-11-13,2022-12-08
918,2024-11-07,2024-12-02
919,2024-12-03,2024-12-28
920,2024-10-03,2024-10-28
921,2024-12-25,2025-01-19
922,2024-09-19,2024-10-14
923,2024-09-09,2024-10-04
924,2024-11-05,2024-11-30
925,2024-12-10,2025-01-04
926,2024-11-22,2024-12-17
927,2024-11-24,2024-12-19
928,2024-11-08,2024-12-03
929,2024-10-02,2024-10-27
930,2024-10-19,2024-11-13
931,2024-11-27,2024-12-22
932,2024-11-10,2024-12-05
933,2024-12-19,2025-01-13
934,2024-09-07,2024-10-02
935,2024-08-26,2024-09-20
936,2024-12-04,2024-12-29
937,2024-10-10,2024-11-04
938,2024-10-20,2024-11-14
939,2024-09-06,2024-10-01
940,2024-06-16,2024-07-11
941,2024-12-26,2025-01-20
942,2024-09-05,2024-09-30
943,2024-10-21,2024-11-15
944,2024-10-26,2024-11-20
945,2024-11-09,2024-12-04
946,2023-08-01,2023-08-26
947,2024-12-20,2025-01-14
948,2024-11-24,2024-12-19
949,2024-08-24,2024-09-18
950,2024-12-23,2025-01-17
951,2024-12-07,2025-01-01
952,2024-12-10,2025-01-04
953,2024-10-07,2024-11-01
954,2024-11-26,2024-12-21
955,2024-12-26,2025-01-20
956,2024-10-12,2024-11-06
957,2024-06-22,2024-07-17
958,2024-11-20,2024-12-15
959,2024-07-03,2024-07-28
960,2024-12-17,2025-01-11
961,2024-12-12,2025-01-06
962,2024-12-06,2024-12-31
963,2024-10-08,2024-11-02
964,2024-12-15,2025-01-09
965,2024-10-12,2024-11-06
966,2024-10-01,2024-10-26
967,2024-10-16,2024-11-10
968,2024-11-06,2024-12-01
969,2024-09-05,2024-09-30
970,2024-11-11,2024-12-06
971,2024-11-15,2024-12-10
972,2024-10-22,2024-11-16
973,2024-10-16,2024-11-10
974,2024-07-07,2024-08-01
975,2024-12-05,2024-12-30
976,2024-11-12,2024-12-07
977,2024-10-16,2024-11-10
978,2024-08-20,2024-09-14
979,2024-08-12,2024-09-06
980,2024-11-11,2024-12-06
981,2024-10-12,2024-11-06
982,2024-12-12,2025-01-06
983,2024-08-23,2024-09-17
984,2024-10-14,2024-11-08
985,2024-10-24,2024-11-18
986,2023-05-04,2023-05-29
987,2024-11-24,2024-12-19
988,2024-10-07,2024-11-01
989,2024-11-19,2024-12-14
990,2024-07-24,2024-08-18
991,2024-04-20,2024-05-15
992,2024-12-23,2025-01-17
993,2024-12-18,2025-01-12
994,2024-12-20,2025-01-14
995,2024-12-24,2025-01-18
996,2024-04-11,2024-05-06
997,2024-05-27,2024-06-21
998,2024-07-20,2024-08-14
999,2024-07-12,2024-08-06
1000,2024-11-05,2024-11-30
