id,salutation,first_name,middle_initial,last_name,dob,phone_number,address,city,state,zip
1,Ms.,Kendra,,Miller,1948-05-17,(823)457-1246,102 Holt View,Houston,TX,83823
2,Ms.,Matthew,,Black,1965-05-16,(769)390-7079,65828 Michael Mountain Apt. 359,Houston,TX,03654
3,Dr.,Tracy,,Jacobs,1977-01-22,(672)756-3078,68515 Short Road Suite 575,Houston,TX,99815
4,Mrs.,Thomas,,Garrison,1987-07-26,(433)987-8458,1608 Alvarado Ramp,Houston,TX,65917
5,Mx.,Rachel,,Bentley,2005-07-15,6034980122,5732 Weaver Viaduct Suite 504,Houston,TX,24576
6,Mr.,Allen,,Baird,1946-10-30,2448289861,7873 Martinez Springs Apt. 257,Houston,TX,89213
7,Mrs.,Brian,U,Baker,1970-08-15,(814)916-6910,742 Rebecca Shores,Houston,TX,41195
8,Mx.,Melissa,,Dennis,1995-04-08,4893007789,241 Moreno Drive Suite 374,Houston,TX,88483
9,Mr.,Justin,M,Hines,1976-03-20,(600)243-4674,9669 Margaret Junction Apt. 369,Houston,TX,20421
10,Dr.,Anita,L,Wagner,1957-09-15,608-611-3575,46066 Kevin Spurs,Houston,TX,63661
11,Mr.,Barbara,,Stewart,1982-09-19,4218593163,011 Melissa Trafficway,Houston,TX,34253
12,Dr.,Hannah,,Summers,1955-01-21,351-333-2540,38720 Kathryn Via,Houston,TX,19882
13,Mx.,Michael,Q,Williams,1971-02-20,598-466-9480,35965 Zachary Mountain Suite 898,Houston,TX,33626
14,Mrs.,Gabriel,,Buck,1967-05-19,842-343-3403,250 Hicks Branch Suite 493,Houston,TX,36576
15,Mr.,Alexandra,,Fernandez,1983-04-19,4995462384,318 Espinoza Station,Houston,TX,83405
16,Mx.,Alison,B,Clark,2006-08-18,(868)358-0973,3627 Brent Pines,Houston,TX,82379
17,Ms.,Eileen,G,Rodriguez,1970-01-24,(594)399-6891,19857 Anderson Overpass Suite 869,Houston,TX,03617
18,Mrs.,Tyler,,Stephens,1960-09-06,(823)970-6710,6299 Edwards Plaza Apt. 484,Houston,TX,57306
19,Ms.,Linda,I,Thompson,1980-11-22,(409)865-6325,1916 Jessica Port Suite 839,Houston,TX,75276
20,Ms.,Diana,Z,Pratt,1957-07-19,(218)590-0557,351 Rodriguez Ridges Apt. 503,Houston,TX,58611
21,Mrs.,Sheryl,W,Davis,2001-07-03,9503989551,847 Shannon Mills Suite 755,Houston,TX,61202
22,Mr.,Sheryl,,Hayes,1967-04-14,2372636902,0387 Duncan Shoal,Houston,TX,86682
23,Mx.,Carmen,Q,Mitchell,1953-04-12,(764)729-4776,1710 Williams Stravenue Suite 488,Houston,TX,33299
24,Mrs.,Roger,U,Dodson,1997-04-17,(333)377-5075,570 Nicole Stream Suite 840,Houston,TX,40758
25,Mr.,Hector,,Stanley,1972-03-29,(945)620-8631,84403 Weber Shore Apt. 040,Houston,TX,03727
26,Mrs.,Kimberly,,Moore,1979-09-24,(679)948-3517,607 Mendoza Inlet Apt. 664,Houston,TX,89981
27,Mrs.,Lisa,Z,Mendoza,1981-10-23,(944)550-6206,5859 Crystal Throughway,Houston,TX,02952
28,Mr.,April,,Clark,1967-01-05,975-296-3631,96565 Emily Estates Apt. 293,Houston,TX,88756
29,Ms.,Gregory,,Flores,1997-03-06,(370)642-1503,5180 Taylor Divide,Houston,TX,61899
30,Dr.,Martin,,Morales,1971-11-06,(768)546-4878,7689 Candice Ranch Apt. 624,Houston,TX,73117
31,Mr.,Holly,,Jenkins,2004-10-15,(706)840-5753,9227 Scott Landing,Houston,TX,93382
32,Dr.,Ronald,A,Hart,1980-05-01,8856000819,011 Harper Knoll Apt. 687,Houston,TX,80884
33,Dr.,Alan,N,Mayo,1958-01-31,283-890-5176,7205 Nicole Haven,Houston,TX,23245
34,Mrs.,Shelly,D,Murray,1953-02-11,965-258-9596,93962 Levine Fords Suite 475,Houston,TX,87551
35,Mr.,Glenn,,Dixon,1966-06-20,(752)633-8227,25849 Lisa Corner Suite 278,Houston,TX,01011
36,Mr.,Gene,,Shelton,1984-09-29,277-916-9961,0620 Alvarez Crest,Houston,TX,71244
37,Ms.,Jesus,,Jones,1989-04-17,(922)787-4326,3768 Juarez Plains,Houston,TX,68777
38,Dr.,Daniel,V,Rivera,1999-04-01,773-786-6071,500 Smith Turnpike Suite 970,Houston,TX,63692
39,Ms.,Lori,,Bradley,1972-11-23,(447)852-8132,204 Ball Mountains,Houston,TX,25127
40,Mx.,Andrew,Q,Thomas,1965-11-17,919-465-2625,612 Powell Path Suite 999,Houston,TX,48093
41,Dr.,Tara,,Baker,1992-03-12,(895)308-2967,50052 Perez Shoals Apt. 411,Houston,TX,62460
42,Ms.,Wayne,,Atkinson,1962-05-14,(407)941-7942,8539 Rachel Ferry Apt. 342,Houston,TX,56810
43,Ms.,Phillip,,Gonzalez,1970-11-08,5539778962,5394 Beard Forks,Houston,TX,16375
44,Dr.,Heather,,Hayes,2001-06-11,3444862235,353 Emily Canyon Suite 621,Houston,TX,67628
45,Ms.,Thomas,,Rojas,1998-01-22,(222)393-0048,581 Brooke Landing Suite 616,Houston,TX,11690
46,Mx.,Pamela,G,Zimmerman,1980-12-02,882-750-9059,9620 Jonathan Wall,Houston,TX,05246
47,Mr.,Ricardo,W,Bryant,1976-07-22,7232074170,248 Sanders Mill Apt. 581,Houston,TX,39520
48,Mx.,Brett,J,Cantu,1997-04-10,6845749993,5306 Rogers Trafficway,Houston,TX,90727
49,Dr.,Sheila,,Wagner,1955-06-22,(730)875-3196,6680 Howell View,Houston,TX,15234
50,Mrs.,Garrett,,Wong,1952-01-27,207-781-7302,749 Ryan Forks Suite 585,Houston,TX,08263
51,Dr.,Gregory,M,Klein,1966-12-10,(875)363-9245,49900 Judy Light,Houston,TX,05389
52,Mr.,Amber,X,Flores,2004-05-18,918-844-3246,8003 Gonzalez Stravenue,Houston,TX,91845
53,Mx.,Christina,L,Russo,1953-11-08,441-298-8162,4055 Garza Tunnel,Houston,TX,58211
54,Ms.,Steve,U,Turner,1948-02-26,569-876-8984,65630 Jesse Garden Suite 539,Houston,TX,69432
55,Ms.,James,,Harrington,1991-12-22,(260)697-9835,2551 Webb Shoals Apt. 479,Houston,TX,14457
56,Mrs.,Alan,,Velez,2001-06-01,3488754400,98325 Amber Lane,Houston,TX,57292
57,Mx.,Ashley,V,Peterson,1984-01-15,4467017203,1647 Spencer Turnpike Apt. 594,Houston,TX,23298
58,Ms.,Bonnie,D,Martinez,1963-03-11,623-429-0291,738 Hughes Causeway Apt. 071,Houston,TX,91828
59,Dr.,Randy,,Schroeder,1950-05-21,(735)381-1178,684 Marshall Fall,Houston,TX,42207
60,Ms.,Heather,X,Howard,1967-07-04,(713)354-3118,4476 Alexandria Circle Apt. 031,Houston,TX,88927
61,Mr.,Eric,M,Chapman,2005-08-03,4714918549,71823 Gregory Common Suite 224,Houston,TX,08288
62,Mx.,Joshua,,White,1954-09-02,750-817-5902,6807 Soto Skyway,Houston,TX,00557
63,Ms.,Robert,S,Frank,2003-02-10,5405292711,89819 Ortiz Common,Houston,TX,91155
64,Ms.,Christopher,,Henson,1991-01-19,(924)598-0410,676 Robert Flats Apt. 893,Houston,TX,76706
65,Mr.,Lisa,,Le,1998-03-23,(669)594-0842,3675 Tyler Ridge Suite 021,Houston,TX,82641
66,Ms.,Holly,E,Crosby,1992-10-25,698-656-1219,8056 Lopez Junction Apt. 325,Houston,TX,90807
67,Mrs.,Brandi,,Miller,1952-08-09,385-640-7092,6984 Matthew Cliff Suite 364,Houston,TX,44312
68,Mx.,Edward,,Russell,1985-01-01,550-325-0500,75196 Melissa Bypass Suite 880,Houston,TX,78499
69,Ms.,Bryan,,Taylor,1985-12-28,744-810-8570,9859 Woods Ford,Houston,TX,14209
70,Dr.,Gregory,,Compton,1976-04-22,(472)519-2666,112 Lisa Row Suite 683,Houston,TX,27422
71,Ms.,Jessica,,Anderson,1999-12-22,734-469-5120,35805 Dean Knolls,Houston,TX,96045
72,Mrs.,Lori,,Lester,1998-12-08,247-938-8271,68345 Lindsey Flats Apt. 028,Houston,TX,81170
73,Dr.,Justin,W,Diaz,1984-08-12,(791)434-9495,243 Samuel Greens,Houston,TX,44341
74,Mrs.,Jenny,,Morrison,1956-07-24,705-361-5823,00664 Peterson Road Suite 510,Houston,TX,43437
75,Mr.,Thomas,,Young,1981-07-19,7379588184,725 Brooke Crest,Houston,TX,95262
76,Dr.,Nicole,,Harrington,1988-03-30,(939)514-7705,45975 Torres Mount,Houston,TX,81465
77,Dr.,Jennifer,D,Gates,1967-07-28,8948225101,942 Amy Wells,Houston,TX,77220
78,Mrs.,Ethan,,Harrison,1995-03-06,(702)493-2789,348 Thomas Forge Suite 336,Houston,TX,36644
79,Mrs.,Brandon,M,Wu,1990-08-17,9924342498,669 Harris Street Suite 780,Houston,TX,79411
80,Mr.,Mark,,Cardenas,1970-11-25,(706)399-1307,58999 Walker Streets Apt. 565,Houston,TX,65263
81,Dr.,Susan,,Bowers,1973-03-07,(218)915-7849,30770 Kara Field,Houston,TX,40408
82,Dr.,Kaitlyn,Y,Lee,1959-11-30,853-522-9668,83215 Lambert Mountains Apt. 975,Houston,TX,31281
83,Dr.,Frank,,Moran,1984-06-11,778-647-0662,67707 Lozano Forest Suite 648,Houston,TX,20072
84,Dr.,Gary,M,Yates,1946-05-09,3135758314,502 Mark Camp Apt. 400,Houston,TX,30923
85,Mr.,Eric,,Phillips,1988-02-20,744-538-0686,3928 Heidi Loop,Houston,TX,72434
86,Ms.,Michael,,Jackson,1946-10-26,4543930813,847 Hannah Pass,Houston,TX,70838
87,Dr.,Paul,,Williams,1989-03-27,7628706249,18440 Brooke Roads,Houston,TX,79460
88,Mx.,Dawn,,Robertson,1955-07-01,2472890219,808 Thompson Courts,Houston,TX,27713
89,Mr.,David,Y,Johnson,2002-06-13,327-810-9198,890 Smith Landing,Houston,TX,47670
90,Ms.,Stephanie,F,Miles,1968-07-21,849-454-6697,823 Carol Flat Apt. 520,Houston,TX,76309
91,Mrs.,Nathan,G,Warner,1979-07-12,(936)243-1479,9392 Amy Trail Apt. 306,Houston,TX,83851
92,Ms.,Michael,,Herrera,1974-01-12,435-298-8592,94614 Robinson Ridges Suite 971,Houston,TX,92673
93,Mrs.,Kelli,X,Clark,1973-01-27,(996)612-4731,669 Trevino Circles Suite 203,Houston,TX,05194
94,Mx.,Jack,Z,Fisher,2002-09-19,(528)215-4462,13545 Monroe Unions Apt. 494,Houston,TX,55141
95,Mr.,Kelly,X,Mcneil,1987-01-01,(989)867-5129,10619 Woodward Views Apt. 073,Houston,TX,35304
96,Ms.,Shelley,,Patel,1957-11-30,720-235-4949,63843 Hickman Cliffs Apt. 715,Houston,TX,14972
97,Mrs.,Douglas,V,Gonzalez,1969-10-04,932-293-3880,217 Greene Springs Apt. 566,Houston,TX,69738
98,Dr.,Susan,F,Cooper,1974-12-06,825-247-7882,17254 Flynn Islands Suite 379,Houston,TX,55745
99,Mx.,Richard,G,Drake,1998-11-14,7054634560,48914 Alexis Cove Apt. 451,Houston,TX,62824
100,Mx.,Lisa,,Castillo,1951-08-06,(734)997-0208,68234 Paul Hill,Houston,TX,63061
101,Mr.,Rodney,,Smith,1945-07-10,8875008296,1170 Mahoney Trail Apt. 513,Houston,TX,48597
102,Mr.,Rebecca,,Johnson,1956-03-21,(824)280-1012,3244 Villanueva Circles Apt. 213,Houston,TX,18877
103,Mr.,Steve,K,Moore,1963-06-01,964-577-3354,51715 Cooper Shoal,Houston,TX,91788
104,Mr.,Mary,U,Marshall,2003-03-10,(391)795-4666,9266 Jessica Mountain,Houston,TX,30642
105,Dr.,Kathleen,,Gibbs,1963-12-24,3748200923,46846 Key Grove Suite 463,Houston,TX,20533
106,Mx.,Melanie,,Torres,1953-08-27,8174038962,360 Mark Estates Suite 806,Houston,TX,40231
107,Dr.,Jessica,,Brooks,1984-03-20,508-366-2652,635 Jessica Island Apt. 208,Houston,TX,51191
108,Mr.,Brittany,,Holmes,1973-11-03,784-242-0816,32747 Ross View Suite 291,Houston,TX,37618
109,Ms.,Kevin,,Perez,1970-01-24,(690)786-4181,787 Serrano Passage,Houston,TX,80822
110,Mrs.,Jessica,,Wilson,1978-06-08,5867279976,751 Santiago Walk Apt. 622,Houston,TX,18038
111,Ms.,Andrew,,Mccoy,2001-04-26,9047585434,44874 Cherry Fork Suite 192,Houston,TX,44962
112,Mx.,Larry,Z,Lucas,1950-02-24,7413144639,02919 Morgan Vista Suite 773,Houston,TX,78806
113,Mx.,Rachel,R,Morrison,1977-09-24,(909)625-0033,1747 Brian Mountain Suite 927,Houston,TX,64768
114,Dr.,Jose,D,Meyers,1951-09-16,(498)371-9029,78828 Walter Summit Apt. 336,Houston,TX,42786
115,Mrs.,Dana,,Miller,2002-04-29,(523)954-0724,50444 Larry Tunnel Apt. 227,Houston,TX,17558
116,Mr.,Patrick,,Washington,1960-12-29,864-702-0349,400 Renee Turnpike Apt. 429,Houston,TX,55457
117,Mr.,Jacqueline,,Lara,2002-08-01,442-278-6402,76904 Blair Branch,Houston,TX,79010
118,Ms.,Aaron,,Reed,1944-10-23,961-936-8219,11246 David Union Apt. 214,Houston,TX,58780
119,Mrs.,Matthew,,Mann,1993-04-21,831-519-0457,792 Gregory Parks Suite 355,Houston,TX,68200
120,Dr.,Gabriel,K,James,1958-11-16,(777)744-7793,093 Logan Row,Houston,TX,61173
121,Mr.,Teresa,F,Martin,2005-02-08,2569973880,3584 Jason Station Apt. 007,Houston,TX,24561
122,Mx.,Erin,,Mullen,1968-08-16,6934806189,401 Melissa Rue,Houston,TX,04759
123,Mr.,Susan,M,Eaton,1977-10-03,900-812-7907,02125 Matthew Isle Apt. 088,Houston,TX,14770
124,Mrs.,Bryan,C,Williams,1945-02-25,9939943838,3979 Blanchard Extension,Houston,TX,71282
125,Mx.,Michelle,O,Reynolds,1983-03-29,2723147617,925 Michael Terrace Apt. 082,Houston,TX,54042
126,Dr.,Lisa,,Murray,2004-05-16,(844)597-1805,51585 Neal Course Suite 154,Houston,TX,33513
127,Mr.,Carrie,P,Rogers,1986-04-10,(614)430-3082,462 Dennis Trail Suite 403,Houston,TX,03238
128,Mx.,Sara,E,Rodriguez,1956-02-28,(762)552-5599,00207 Velasquez Square,Houston,TX,81683
129,Dr.,Tiffany,D,Lopez,1989-09-12,2222421496,583 Crystal Stravenue,Houston,TX,14478
130,Mrs.,Gerald,Z,Bishop,1948-05-14,(524)221-1373,1468 Beck Mill,Houston,TX,21491
131,Dr.,Jennifer,D,Dawson,1978-05-06,266-433-6258,69598 Jessica Mount,Houston,TX,06303
132,Dr.,Tonya,Q,Clark,1972-06-05,2333765164,6162 Robert Camp Apt. 671,Houston,TX,86616
133,Mx.,Joseph,,Sanchez,2006-01-04,705-475-9956,4875 Christopher Fields Apt. 487,Houston,TX,23338
134,Mr.,Samuel,W,Grant,2001-04-11,7002471995,715 Cody Ports,Houston,TX,41237
135,Mx.,Douglas,E,Bailey,2001-04-21,2872478408,286 Traci Trail Suite 043,Houston,TX,91361
136,Ms.,Kevin,,Brown,1984-10-17,841-482-9895,36291 Rodriguez Ports,Houston,TX,01411
137,Mx.,Karen,A,Henry,1986-04-14,(206)635-8205,63061 Brown Estates Suite 860,Houston,TX,03406
138,Mx.,Kristin,,Green,1992-11-28,5466107530,18466 Susan Estates Apt. 144,Houston,TX,16934
139,Mr.,Thomas,K,Villanueva,1998-05-30,6259612647,526 Sanchez Track Apt. 429,Houston,TX,69400
140,Mrs.,Gregory,E,Hawkins,1982-06-07,(713)470-8171,3950 Williams Drive Suite 208,Houston,TX,07582
141,Ms.,Matthew,,Thompson,1991-06-09,(766)334-4059,344 Walker Island Suite 983,Houston,TX,58993
142,Mr.,Caitlin,G,Thomas,1998-02-12,(862)506-3229,150 Tyler Ramp,Houston,TX,83656
143,Mr.,Daniel,,Middleton,1984-07-05,(270)259-3549,3036 Christine Loop,Houston,TX,20574
144,Dr.,Jonathan,Q,Ford,1945-05-03,(240)979-8386,652 Dennis Mission,Houston,TX,41808
145,Ms.,Lisa,,Mason,1960-03-04,(424)595-4788,107 Fitzgerald Garden Apt. 122,Houston,TX,98382
146,Dr.,Jennifer,Z,Cole,1965-12-20,(958)764-3691,440 Mitchell Brook Apt. 940,Houston,TX,59407
147,Dr.,Luis,P,Jones,1985-01-26,(260)540-2740,7889 Mark Prairie,Houston,TX,96325
148,Mr.,Brittany,,Taylor,1951-12-13,445-370-9200,662 Hubbard Dale,Houston,TX,89544
149,Mrs.,Linda,X,Allison,1954-03-03,9653843798,301 Christopher Mall,Houston,TX,95416
150,Mr.,Deborah,G,Steele,2006-12-22,309-862-6042,102 Ashlee View,Houston,TX,32561
151,Mx.,Daniel,,Roberts,1964-07-27,(728)745-2564,1084 Laura Row,Houston,TX,09076
152,Mrs.,Allen,L,Cabrera,1947-09-28,(450)336-4603,9790 Phillips Shoal,Houston,TX,22531
153,Ms.,Adam,,Hanna,2006-12-12,6486715635,714 Edward Wells,Houston,TX,47153
154,Mrs.,Daisy,H,Montgomery,1987-09-07,(491)250-5125,607 Jesse Turnpike Apt. 224,Houston,TX,70794
155,Ms.,Bianca,,Shaw,1956-03-29,7575393903,36430 Morrison Plains Suite 732,Houston,TX,63089
156,Dr.,Benjamin,X,Stewart,1956-09-03,(792)258-2392,21203 Matthew Crossing,Houston,TX,51484
157,Mr.,James,I,Gordon,1976-01-06,(300)675-5394,76742 Cruz Mountain,Houston,TX,29113
158,Mr.,Brett,,Jefferson,1977-07-14,(904)219-3646,9849 Daniel Hills,Houston,TX,19594
159,Mx.,Thomas,J,Smith,2006-10-06,7262570247,131 Johnson River,Houston,TX,75284
160,Mr.,Laura,W,Guzman,1995-07-29,4075974747,94257 Kathryn Harbors Apt. 953,Houston,TX,27785
161,Mrs.,Michael,,Johnson,1978-04-11,4433036114,47089 James Tunnel,Houston,TX,60696
162,Mx.,Eric,,Daniel,1982-09-08,(955)508-2267,957 Hughes Spring,Houston,TX,62380
163,Mr.,Ernest,L,Ortega,1994-01-21,2997970330,1168 Moore Cliffs Suite 362,Houston,TX,60344
164,Mx.,Cynthia,V,Fitzgerald,1988-05-05,(837)504-1061,7665 Burton Mews,Houston,TX,38182
165,Mr.,Steven,N,Lee,2001-07-22,989-668-9153,6719 Justin Extensions Suite 468,Houston,TX,13092
166,Mr.,Sarah,,Sanchez,1946-08-12,(546)695-2922,5207 Cody Roads,Houston,TX,22534
167,Dr.,Jeffery,,Fritz,1962-03-26,8998079371,4106 Colleen Isle,Houston,TX,63907
168,Mr.,Francisco,W,Lee,2001-08-10,898-556-8154,718 Simmons Corner,Houston,TX,65235
169,Mr.,Bethany,,Jones,1989-11-06,7086897234,4809 Scott Lake Suite 352,Houston,TX,43991
170,Mrs.,John,,Beasley,1952-07-31,5329473905,29708 Jones Squares Apt. 222,Houston,TX,06652
171,Ms.,Mark,,Martin,1993-01-29,432-585-4825,363 Jones Manors Suite 545,Houston,TX,87882
172,Mrs.,Taylor,E,Carpenter,1999-06-27,6384164349,904 Jordan Course,Houston,TX,78842
173,Mx.,Dillon,G,Perez,1965-11-05,(811)367-2659,234 Rhonda Loaf,Houston,TX,15178
174,Mx.,Cassandra,I,Kidd,1948-01-19,510-643-8783,5438 Jonathon Expressway Suite 811,Houston,TX,40900
175,Mr.,Devin,N,Bullock,1955-09-18,(347)315-7153,64608 Norton Shore Suite 879,Houston,TX,64868
176,Mr.,Philip,U,York,1967-05-04,561-363-7098,699 Tiffany Oval,Houston,TX,50238
177,Dr.,Michael,Z,Knight,1969-12-07,8145121220,84483 Timothy Crossing Apt. 695,Houston,TX,81085
178,Mr.,Connie,K,Patel,1949-03-10,(842)389-6566,192 Clinton Locks,Houston,TX,21414
179,Mrs.,Jean,O,Morales,1946-06-09,5474252956,964 Johnson Islands,Houston,TX,32157
180,Mrs.,Jennifer,,Rice,1984-03-29,3046188583,85518 Jared Spurs,Houston,TX,24221
181,Mrs.,Jessica,F,Jacobs,1969-09-27,(230)812-1180,4039 Harper Crescent,Houston,TX,34523
182,Mrs.,Lisa,G,Ramos,1977-09-19,4512181988,69334 Joseph Street Apt. 043,Houston,TX,12028
183,Ms.,Brittany,,Lambert,1984-05-08,626-577-7301,86908 Nicholas Roads Apt. 218,Houston,TX,57178
184,Mrs.,Melanie,T,Brown,2006-08-16,2683713802,0670 Burns Lake Suite 523,Houston,TX,99812
185,Mrs.,Benjamin,,Powell,1956-12-28,3945109877,69775 Anna Freeway,Houston,TX,11443
186,Mx.,Frederick,E,Hill,1952-01-13,(925)918-2519,139 Wells Ridge,Houston,TX,59890
187,Mx.,Jason,H,Ford,1958-04-26,922-846-4736,85667 Jonathon Knolls,Houston,TX,04993
188,Mx.,Mark,,White,1956-12-12,6904744203,2572 Ramsey Island,Houston,TX,92280
189,Mr.,Jason,W,Lane,1992-06-26,(407)541-4256,164 Diaz Mill,Houston,TX,23941
190,Mx.,Patrick,I,Clayton,1966-12-23,491-317-5227,0868 Jackson Alley Suite 942,Houston,TX,10234
191,Mr.,Samantha,J,Santos,1979-03-16,2182525766,528 Santiago Coves Suite 131,Houston,TX,70988
192,Mx.,Jared,N,Holt,1974-01-18,3266591933,144 Nicholas Isle Apt. 726,Houston,TX,22137
193,Mrs.,Thomas,,Zimmerman,2003-04-01,2537598319,4371 Tanner Keys Suite 172,Houston,TX,23573
194,Mx.,Julie,,Wilcox,1994-07-25,412-829-0741,246 Lopez Fields Apt. 054,Houston,TX,83582
195,Dr.,Ashley,W,Garcia,1965-04-28,5346762006,214 Bender Row Suite 981,Houston,TX,08100
196,Mr.,Raymond,,Anderson,1968-05-14,(307)565-5607,3920 Ashley Stravenue Apt. 070,Houston,TX,19714
197,Mrs.,Patricia,B,Morrison,1997-07-05,(349)777-2492,759 Parsons Springs,Houston,TX,59733
198,Mrs.,Spencer,,Carpenter,1971-01-22,(612)955-2353,80976 Jacob Square Apt. 087,Houston,TX,59965
199,Mrs.,Mark,,Avery,1971-11-15,2638616917,542 Bowman Pass Apt. 907,Houston,TX,43103
200,Mx.,William,,Rivas,1969-06-07,(233)487-3160,86927 Beverly River Apt. 511,Houston,TX,61328
201,Mr.,Michele,O,Morgan,1949-11-15,465-956-3075,97322 Atkinson Vista Suite 416,Houston,TX,32161
202,Mrs.,Frank,K,Bowers,1996-01-05,994-228-5008,45500 Morgan Forge,Houston,TX,06724
203,Mrs.,Marie,,Garza,1976-08-03,(751)569-5737,261 Knox Garden Apt. 866,Houston,TX,21306
204,Mx.,Sharon,Y,Waters,1948-08-17,(882)959-6510,611 Caleb Well Apt. 535,Houston,TX,18969
205,Mrs.,Crystal,R,Li,1956-03-17,403-769-0391,52914 James Streets,Houston,TX,04393
206,Mrs.,Mark,,Brown,1964-09-18,(821)987-1583,290 Patrick Dale Suite 448,Houston,TX,72913
207,Ms.,Briana,H,Orozco,2000-11-11,8633956829,3154 Cisneros Manor Apt. 638,Houston,TX,08959
208,Mx.,Michele,O,Barnett,2003-08-21,442-345-9126,44681 Johnson Shoals,Houston,TX,01871
209,Ms.,Laura,,Baker,1968-11-16,(201)216-8194,8739 Crystal Neck Apt. 729,Houston,TX,26493
210,Ms.,Lindsay,Z,Perez,1972-11-21,8169883092,03790 Miller Cliffs Suite 074,Houston,TX,58864
211,Mx.,Kristina,,Lang,1991-03-17,(883)893-8697,585 Montgomery Turnpike,Houston,TX,22030
212,Mrs.,Melissa,J,Summers,2005-09-12,(519)857-4651,36943 Hughes Estates Apt. 841,Houston,TX,06987
213,Mrs.,Javier,,Scott,2004-11-12,7435638116,480 Mary Mount Apt. 438,Houston,TX,17452
214,Mr.,Alice,P,Jensen,1947-04-21,(870)471-4796,08420 Elizabeth Shore,Houston,TX,84457
215,Mr.,Kathy,,Dyer,1995-04-04,5403303942,3573 Julia Glen,Houston,TX,85398
216,Mx.,Wayne,W,Weber,1981-04-04,8787705650,1526 Tyler Run Apt. 880,Houston,TX,58463
217,Dr.,Catherine,D,Smith,1991-08-20,4896835950,9515 Smith Squares Suite 604,Houston,TX,20723
218,Ms.,Collin,J,Curry,1983-03-19,246-788-2055,014 Amanda Cove,Houston,TX,27388
219,Mx.,Mark,M,Gardner,1944-09-08,9463975144,8342 Natasha Plain,Houston,TX,51526
220,Mrs.,Kelly,,Bailey,2004-03-18,9268679060,500 Harrison Mountain Apt. 022,Houston,TX,33532
221,Ms.,Christopher,,Nicholson,1968-12-07,7602708084,8311 Brandon Junction Apt. 170,Houston,TX,31057
222,Mr.,Ronald,,Warren,1944-04-27,330-760-3429,79850 Simmons Landing,Houston,TX,75404
223,Ms.,Deanna,,Cooper,1969-04-03,962-385-2757,6475 Thomas Via Suite 782,Houston,TX,81767
224,Mr.,Kimberly,E,Nelson,1972-07-26,6815950555,494 William Knoll Suite 237,Houston,TX,67979
225,Mx.,Stephanie,,Simmons,1973-02-06,6126210698,2292 Lowe Estate,Houston,TX,77068
226,Mr.,Jennifer,,Porter,1985-05-12,625-343-6454,2165 Brown Lake,Houston,TX,10560
227,Mx.,Crystal,,Roberts,1963-06-17,(585)353-9588,873 Norman Gateway,Houston,TX,24513
228,Mx.,Christopher,L,Lewis,1996-05-07,6563435670,9777 Martin Hills Suite 320,Houston,TX,15700
229,Mrs.,Sherry,J,King,1999-01-20,465-467-9819,8678 Rebecca Landing Suite 541,Houston,TX,76280
230,Dr.,Steven,S,Rogers,1957-03-28,(618)735-5888,97549 Carroll Island,Houston,TX,84345
231,Dr.,Eric,O,Byrd,1946-03-03,2705965577,0272 Scott Pass Suite 624,Houston,TX,90523
232,Dr.,Zoe,,Winters,1980-02-08,8065709573,432 Kramer Plains,Houston,TX,88477
233,Mx.,David,K,Pena,1982-08-19,418-237-4225,55342 Bruce Islands Apt. 861,Houston,TX,30199
234,Mx.,Miguel,E,Moore,1972-01-04,9142449065,11221 Jack Points,Houston,TX,88185
235,Mrs.,Aimee,X,Braun,1991-10-10,468-579-6806,777 Megan Plaza,Houston,TX,85766
236,Mrs.,Kirsten,,Smith,1957-03-06,804-463-3473,981 David Neck Apt. 710,Houston,TX,72167
237,Mr.,Brenda,P,Sanchez,1980-11-29,2177504600,51771 Ramos Well,Houston,TX,06344
238,Mr.,Louis,,Andersen,1983-06-26,541-742-9131,44236 Bates Loaf Suite 623,Houston,TX,92779
239,Mx.,Patricia,,Murphy,1966-06-18,(567)456-9807,5140 Hammond Point,Houston,TX,21862
240,Dr.,Denise,U,Hansen,1983-01-08,(996)433-1977,2473 John Freeway,Houston,TX,63774
241,Ms.,Jason,C,Santiago,1944-10-31,8607123850,8377 Geoffrey Overpass Apt. 771,Houston,TX,92333
242,Mrs.,Madison,O,Brown,1998-04-27,653-397-0852,8837 Torres Fall Apt. 383,Houston,TX,83987
243,Ms.,Daniel,,Brock,1979-05-03,5242224821,25578 Jones Glen,Houston,TX,71172
244,Ms.,Heather,P,Williams,1955-09-02,988-681-9627,2389 Evans Circles Apt. 142,Houston,TX,26578
245,Mx.,Carly,H,Garza,1945-04-16,2666425483,521 Clark Views Apt. 169,Houston,TX,22696
246,Mr.,Brittany,,Marquez,1985-12-05,3618869444,04069 Madison Pines Apt. 993,Houston,TX,98345
247,Dr.,Tyler,,Hernandez,1967-01-23,258-257-6254,286 Robinson Tunnel,Houston,TX,36585
248,Ms.,Donna,,King,1986-05-01,(230)830-7776,38705 Jones Common Suite 941,Houston,TX,67682
249,Mrs.,Andrea,Z,Barrett,1988-09-02,(526)599-8761,970 Faith Fall Apt. 068,Houston,TX,33235
250,Mrs.,Judy,,Cole,1975-11-19,3706386370,64080 Roy Port,Houston,TX,76572
251,Mrs.,Andrew,,Calderon,1974-06-11,(247)522-6710,680 Johnson Camp,Houston,TX,23876
252,Ms.,Cynthia,Q,Gomez,1991-05-02,(415)573-6990,0031 Anna Crest Suite 361,Houston,TX,41834
253,Mr.,Angela,,Fernandez,1994-01-24,(303)789-6761,898 Smith Vista,Houston,TX,59179
254,Dr.,Justin,,Woods,1979-05-14,6202617741,735 Angela Fall Suite 664,Houston,TX,22083
255,Ms.,Lynn,B,Johnson,1969-07-07,242-361-6560,7346 Sarah Roads Apt. 753,Houston,TX,57593
256,Mr.,Brandi,,White,1987-07-30,8592554218,671 Joseph Fall,Houston,TX,36718
257,Dr.,Emily,,Parker,1969-12-12,669-897-4740,364 Michele Curve,Houston,TX,43704
258,Dr.,Alan,D,Chan,1958-08-26,6263016151,10795 Brandon Coves,Houston,TX,48810
259,Dr.,Michael,H,Smith,1954-12-06,(207)585-4809,9669 Juan Crossroad Suite 911,Houston,TX,60862
260,Dr.,Angela,,Peters,1972-12-28,5889408773,1819 Michelle Court,Houston,TX,80629
261,Dr.,Gina,,Mills,1987-04-25,(334)506-6443,682 Amy Throughway,Houston,TX,63987
262,Mr.,Christopher,,Arnold,1986-09-19,8633721613,9328 Cheryl Stravenue,Houston,TX,50720
263,Dr.,Charles,L,Nelson,1946-08-01,3416180193,434 Patrick Ports,Houston,TX,82815
264,Ms.,Joel,,West,1972-10-26,5103150491,02039 Gilbert River Apt. 443,Houston,TX,84493
265,Mr.,Kevin,T,Jones,1988-05-21,721-727-7091,857 Michael Wells Suite 280,Houston,TX,63625
266,Dr.,Jeremiah,,Schneider,1998-08-14,4742599304,069 Rogers Rapids Apt. 228,Houston,TX,02309
267,Mr.,Emily,,Brown,2000-06-30,3076973642,666 Nathan Groves Apt. 783,Houston,TX,52130
268,Mr.,Sharon,A,Cisneros,1959-02-17,687-455-4781,4732 George Junction,Houston,TX,61118
269,Mrs.,Christopher,F,Norris,1996-03-20,(504)929-7628,924 Gerald Wells,Houston,TX,44428
270,Mr.,Willie,,Welch,1971-06-22,811-749-9434,854 Susan Port Apt. 818,Houston,TX,39209
271,Mrs.,Heather,,Grimes,1995-07-25,269-967-9870,03520 Wayne Canyon,Houston,TX,19111
272,Mx.,Lindsey,X,Mitchell,1985-07-04,297-924-4291,0675 Russo Ports,Houston,TX,50122
273,Mrs.,Alicia,,Jones,1972-09-02,(263)817-0598,57364 Amber Square Suite 746,Houston,TX,81650
274,Mx.,Michael,,Lewis,1977-01-03,209-429-4443,4210 Lewis Streets Suite 722,Houston,TX,67660
275,Mx.,Brenda,Z,Guerra,1952-11-26,566-840-2774,91017 Ali Fork,Houston,TX,92987
276,Mx.,Michael,Q,Frank,1958-05-10,201-301-5187,5015 Floyd Track Apt. 435,Houston,TX,83532
277,Mrs.,Cheryl,,Frederick,1984-03-27,654-453-7149,1591 Michelle Well Suite 478,Houston,TX,24016
278,Mr.,Nicole,,Jones,1949-12-24,3263141559,546 Munoz Mount Apt. 214,Houston,TX,78863
279,Dr.,Kevin,,Johnson,1973-03-13,5627311783,7954 Patrick Mall,Houston,TX,19906
280,Mx.,Wanda,T,Smith,1992-11-28,(453)761-8231,2408 Williams Flat Suite 694,Houston,TX,94593
281,Dr.,Kristi,B,Kelly,1984-10-08,737-415-7153,86754 Cynthia Islands,Houston,TX,93368
282,Mr.,Ronald,Y,Mathews,1973-04-27,(617)506-5090,11164 Margaret Gateway Apt. 704,Houston,TX,16669
283,Mx.,Meghan,M,Jackson,1963-07-31,275-500-8094,2519 Harris Trafficway Apt. 394,Houston,TX,41433
284,Mx.,Kelly,,Smith,1981-06-14,245-265-5115,563 White Ports,Houston,TX,86927
285,Mx.,April,X,Garcia,2003-02-10,6833624299,65781 Donaldson Locks,Houston,TX,64078
286,Mx.,Jim,,Baker,1962-03-08,425-314-3111,9936 Erica Fords,Houston,TX,47324
287,Mrs.,Laura,,Mejia,1968-08-29,2625805903,73343 Rodriguez Track Apt. 998,Houston,TX,24687
288,Mrs.,Brett,,Harper,1949-05-29,5089001174,161 Adam Greens Suite 988,Houston,TX,20405
289,Ms.,Christopher,G,Gilbert,1979-10-06,673-919-8823,8920 Jones Shoal Apt. 010,Houston,TX,98062
290,Dr.,Daniel,,Coleman,1988-06-29,9065462979,8695 Rodriguez Manors Apt. 471,Houston,TX,85615
291,Dr.,Linda,,Clark,1964-03-03,7549279098,2118 Joshua Trail Apt. 218,Houston,TX,06576
292,Ms.,Stacy,E,Ramirez,1984-11-09,(219)548-0001,98154 Miller Crossroad,Houston,TX,05768
293,Mrs.,Adam,K,Hester,1985-05-18,(864)956-1387,3257 Tanya Walks Suite 932,Houston,TX,51889
294,Ms.,Randy,,Vasquez,1965-04-14,843-238-0463,50158 Carroll Locks Suite 512,Houston,TX,35887
295,Mx.,Dawn,,Walter,1989-07-26,225-571-7630,4524 Steven Squares,Houston,TX,83134
296,Mrs.,Stacie,,Jackson,1955-02-24,933-324-4852,35892 Smith Divide,Houston,TX,31203
297,Mx.,Tony,,Cook,1966-04-06,3949625481,531 Jeremiah Freeway Apt. 872,Houston,TX,40831
298,Ms.,Erik,,Mason,1947-02-02,(730)613-4951,363 Brown Ramp Suite 462,Houston,TX,01099
299,Dr.,Robert,I,Gross,1998-10-22,746-818-8401,4842 Steele Club Suite 587,Houston,TX,35896
300,Mr.,Sean,D,Brooks,1972-05-23,5554256971,1044 Rachel Corner,Houston,TX,81446
301,Mr.,Cindy,,Molina,1968-12-28,701-528-1682,3534 Jason Highway,Houston,TX,11183
302,Mx.,Robert,,Porter,1967-07-15,765-243-6291,355 Jennifer Bypass,Houston,TX,97807
303,Mr.,Joshua,Z,Snyder,1960-01-19,(636)303-5291,452 Buckley Lane,Houston,TX,67413
304,Mx.,Michael,X,Freeman,1980-10-03,4022221720,72595 Diaz Circles Apt. 452,Houston,TX,54445
305,Ms.,Thomas,A,Torres,1964-01-23,895-583-3566,5496 Daniel Bridge,Houston,TX,06497
306,Mrs.,Melanie,,Payne,1983-07-25,(759)369-3926,5292 Sarah Heights Apt. 009,Houston,TX,02079
307,Dr.,Tonya,,Wade,1985-08-14,2245264272,7617 Samantha Land Apt. 722,Houston,TX,31905
308,Mx.,Carla,D,Williams,1960-02-18,(352)415-6133,383 Tyler Well Suite 582,Houston,TX,51894
309,Mrs.,Angela,D,Hansen,1965-05-27,4845372997,1868 Patton Plains Suite 487,Houston,TX,83005
310,Mrs.,Ian,,Wilson,1949-12-25,(988)602-5843,5778 Stout Lane Suite 560,Houston,TX,99476
311,Mx.,Lisa,,Schultz,2003-04-06,(454)265-9030,7614 Garrett Throughway Apt. 567,Houston,TX,79325
312,Dr.,Tracy,W,Lyons,1997-04-22,289-330-4294,9270 Jose Extensions Apt. 728,Houston,TX,02499
313,Dr.,Suzanne,,Perez,1969-07-08,732-844-8087,11422 Warren Ridges Suite 967,Houston,TX,76336
314,Mrs.,Jimmy,G,Gill,1987-05-24,441-711-3002,5530 Bates Burg Suite 002,Houston,TX,72063
315,Mr.,Jasmine,,Garcia,1983-11-25,873-652-7155,0916 Wilson Ridges Apt. 345,Houston,TX,83463
316,Mrs.,Michael,,Fields,1969-10-02,(223)429-8438,5262 Kathy Center Suite 604,Houston,TX,57379
317,Ms.,Ronnie,,Castro,1981-06-21,3043260184,333 Little Center Suite 692,Houston,TX,30146
318,Mx.,Laura,R,Mooney,1990-02-14,(882)825-9948,144 Hill Common Suite 253,Houston,TX,97883
319,Mrs.,Jack,Y,Owens,1962-08-01,7762060868,603 Riggs Village Suite 403,Houston,TX,97468
320,Dr.,Ronald,Q,Thomas,1989-10-06,572-942-0187,539 Stanley Meadow,Houston,TX,69336
321,Ms.,Jacqueline,,Lee,1956-01-18,753-303-9652,036 Jason Street,Houston,TX,12851
322,Mrs.,Bradley,C,Walker,1995-06-16,2139017000,350 Debra Harbors,Houston,TX,78099
323,Mx.,Bradley,,Berger,1984-11-06,(862)870-9485,0854 Cortez Circles,Houston,TX,45957
324,Mx.,Jessica,J,Liu,1980-03-25,433-682-1673,85105 Douglas Motorway Apt. 658,Houston,TX,84730
325,Mx.,Brandy,,Montgomery,1969-02-17,7042073322,10902 Tracy Keys Apt. 037,Houston,TX,82360
326,Dr.,James,L,Richardson,1992-03-12,685-945-4449,91774 Sandy Shoal,Houston,TX,41257
327,Mx.,Lawrence,,Martinez,1972-04-11,3453536605,7432 Calvin Center,Houston,TX,10152
328,Ms.,Michael,,Ramirez,1954-03-05,2609728679,59385 Banks Port Apt. 875,Houston,TX,04196
329,Mr.,Justin,,Austin,1988-01-06,870-487-6446,5037 Brandi Plain Apt. 865,Houston,TX,72427
330,Ms.,Debbie,,Hall,1956-01-27,(485)688-7634,698 Sean Throughway,Houston,TX,99353
331,Dr.,John,,Griffin,1979-07-08,768-573-4027,0379 Jenkins Underpass Suite 660,Houston,TX,64310
332,Dr.,Ronald,,Gilmore,2005-11-17,928-466-1831,75431 Garza Plaza,Houston,TX,53649
333,Ms.,Aaron,,Brown,1963-08-15,(785)598-5495,355 Mark Skyway,Houston,TX,06333
334,Ms.,David,B,Casey,1979-09-02,944-508-5113,043 Christopher Underpass Apt. 234,Houston,TX,56845
335,Ms.,Anna,L,Tucker,1947-04-15,8405135630,669 Jackson Cove,Houston,TX,10165
336,Dr.,David,P,Chambers,2005-01-11,(218)861-9471,8748 Lauren Points,Houston,TX,17454
337,Mx.,Maurice,J,Salazar,1976-11-15,4767297831,18265 Courtney Camp,Houston,TX,38587
338,Dr.,Austin,C,Wilson,1980-07-01,830-519-1691,673 Sara Summit,Houston,TX,05198
339,Mx.,Gary,K,Meyer,2004-01-06,253-725-5128,759 George Pass,Houston,TX,07282
340,Ms.,Matthew,,Miller,1985-08-07,(242)336-1289,649 Christopher Ford,Houston,TX,86740
341,Mx.,Scott,Y,Turner,1949-09-27,(693)870-6326,102 Quinn Mission,Houston,TX,97686
342,Mrs.,Katelyn,,Galloway,1982-06-17,336-485-8532,4858 Humphrey Fork Suite 281,Houston,TX,74541
343,Mr.,David,,Mitchell,1994-09-06,966-425-1153,74983 Guzman Curve,Houston,TX,20746
344,Mx.,Monica,,Marshall,1965-01-22,9225567285,382 Chelsea Via Suite 220,Houston,TX,72290
345,Mr.,Marie,,Summers,1991-06-13,507-874-1482,31328 Amy Pine,Houston,TX,87057
346,Ms.,Allison,O,Martinez,1953-06-30,(753)800-0303,793 Rich Route Apt. 768,Houston,TX,71522
347,Mr.,Allen,,Harvey,2003-01-08,225-306-8444,112 Smith Road Suite 800,Houston,TX,04232
348,Mrs.,Hailey,G,Taylor,2006-08-27,2518067375,5479 Hicks Greens,Houston,TX,67541
349,Dr.,Laura,G,Morgan,1997-01-22,534-675-6814,17906 Lee Well Suite 182,Houston,TX,23643
350,Mr.,Sophia,,Pace,1962-02-06,545-337-7354,33195 Kimberly Plaza Apt. 377,Houston,TX,20879
351,Dr.,Kristen,K,Archer,1946-11-01,875-642-0371,70229 Nelson Stream Suite 320,Houston,TX,62917
352,Dr.,Zachary,,Barry,1952-01-29,(376)435-8362,8499 Nicholas Prairie,Houston,TX,12375
353,Mx.,Nicholas,T,Torres,1986-09-09,4189153948,534 Jessica Shoals,Houston,TX,25080
354,Mr.,Jeffrey,J,Rodriguez,1958-11-26,4532700007,665 Smith Haven,Houston,TX,54196
355,Mx.,Mark,B,Kim,1953-05-29,(812)479-5851,3966 Bryan Valleys,Houston,TX,93417
356,Mr.,Jennifer,,Morgan,1986-01-06,213-605-3727,3438 Allen Center,Houston,TX,94587
357,Mrs.,Matthew,,Martinez,1968-12-20,9782306355,574 Vazquez Mount Apt. 467,Houston,TX,86895
358,Mrs.,Timothy,,Blackburn,1962-09-15,756-557-4332,476 Brown Spur Apt. 611,Houston,TX,36617
359,Mx.,Ralph,W,Garcia,1952-10-11,(503)648-3019,58364 Fuentes Views,Houston,TX,24226
360,Ms.,John,K,Murphy,1999-05-14,(369)512-1731,11747 Kelly Loop,Houston,TX,49455
361,Dr.,Doris,J,Pratt,2003-07-13,(676)747-0846,0695 Salazar Village,Houston,TX,95813
362,Dr.,Douglas,,Nunez,1984-12-04,668-959-7201,9475 Connie Island Suite 410,Houston,TX,70817
363,Mr.,William,,Heath,1970-05-05,7886657837,580 Brian Trail Apt. 171,Houston,TX,58360
364,Mrs.,Ashley,,Crawford,1961-07-08,(239)468-7973,179 Kari Garden Suite 373,Houston,TX,79189
365,Mx.,Elizabeth,,Allen,1998-11-25,(885)477-2325,150 James Via Apt. 922,Houston,TX,93631
366,Ms.,Jonathan,P,Reed,1970-04-18,(866)779-0266,68127 Mark Forges,Houston,TX,09025
367,Mr.,Scott,K,Reed,1983-10-03,8054620651,4448 Henderson Brooks Apt. 990,Houston,TX,42655
368,Mrs.,Kelly,,Reed,1983-09-13,(500)304-3553,9534 Tracy Summit,Houston,TX,46290
369,Ms.,Kenneth,,Murphy,2000-02-04,5497444506,44761 Kevin Park Suite 006,Houston,TX,78297
370,Ms.,Rose,,Pope,1949-11-19,(871)390-7372,08240 Kimberly Mission Apt. 941,Houston,TX,53473
371,Mx.,Lindsey,,Lopez,1973-03-25,(784)244-6009,7782 Hayes Tunnel Apt. 342,Houston,TX,16829
372,Mx.,Angela,,Norman,1972-11-12,782-380-0408,1503 Matthew Knolls,Houston,TX,16912
373,Mrs.,Eric,,Thompson,1990-05-20,973-363-0660,1918 Jacqueline Club Suite 093,Houston,TX,36389
374,Mx.,Cassandra,,Dyer,1977-05-18,(390)836-2093,0976 Davidson Village Suite 102,Houston,TX,85192
375,Mr.,Carolyn,X,Jones,1996-09-08,(361)254-9385,122 Nolan Square,Houston,TX,51129
376,Dr.,Albert,,Morrow,1979-11-24,(735)537-3272,5232 Eric Fork Apt. 812,Houston,TX,39612
377,Mr.,Sandra,B,Gibson,1946-03-10,244-728-4966,13465 Bruce Burg Apt. 719,Houston,TX,48440
378,Mr.,Kim,I,York,1968-11-23,657-272-9226,504 Peters Islands,Houston,TX,81554
379,Ms.,Carl,P,Jenkins,1976-11-24,(514)973-4254,274 Simmons Passage,Houston,TX,91325
380,Mrs.,Jill,,Miller,1954-05-03,374-971-9558,8690 Smith Crescent Suite 228,Houston,TX,31188
381,Mrs.,Gina,K,Hamilton,1978-10-08,(321)443-1269,10631 Ramirez Junctions,Houston,TX,79827
382,Ms.,Steven,,Bailey,1994-08-25,6746416872,695 Reynolds Common Apt. 113,Houston,TX,60448
383,Mr.,Keith,G,Aguilar,1982-01-19,5614984179,60862 Aaron Mountain,Houston,TX,21766
384,Mr.,Melissa,J,Wu,1967-05-13,962-915-7859,557 Schwartz Mountains Apt. 400,Houston,TX,77955
385,Dr.,Alexander,,Wilson,1947-04-14,(500)859-6210,207 Rachel Gardens Suite 655,Houston,TX,05883
386,Dr.,Heather,,Alvarez,1951-04-04,562-729-8432,773 Williams Square Suite 544,Houston,TX,35795
387,Mrs.,Alexis,U,Chapman,1946-08-31,(675)947-3883,673 Anthony Haven Apt. 313,Houston,TX,34033
388,Mr.,Cody,,Andrews,1955-03-18,5833506365,07647 Andrew Loop Suite 566,Houston,TX,57151
389,Dr.,Timothy,J,Cardenas,1980-07-28,(599)885-1166,6749 Miller Village,Houston,TX,75074
390,Ms.,Lori,D,Lee,1961-12-26,6909320183,1429 Anderson Gardens,Houston,TX,46909
391,Mr.,Regina,W,Smith,1971-03-18,(996)957-5148,8240 Joseph Wells,Houston,TX,36632
392,Mx.,Raymond,,Hernandez,1945-05-01,(673)261-6796,978 Moreno Stream Apt. 185,Houston,TX,57496
393,Dr.,John,,Evans,1993-07-02,409-420-2942,81915 Evan Courts,Houston,TX,83762
394,Ms.,Rachel,P,Campbell,1987-03-23,331-881-0911,665 Rebecca Divide,Houston,TX,87267
395,Ms.,Ashley,V,Benson,1944-08-26,524-381-8490,5310 Betty Circles Suite 505,Houston,TX,34137
396,Mx.,Ricky,L,Thomas,1972-06-30,203-481-3763,78384 Valerie Motorway Apt. 027,Houston,TX,49477
397,Dr.,Melissa,,Coffey,1961-04-07,2916726483,44688 Garza Turnpike,Houston,TX,49325
398,Mrs.,Denise,P,Cain,1956-07-15,388-519-0812,64224 Kimberly Harbor,Houston,TX,47709
399,Ms.,Crystal,Q,Mack,1970-12-31,(989)759-6890,76558 Spencer Lake,Houston,TX,44043
400,Mr.,Christopher,X,Montgomery,1999-03-09,316-464-1650,808 Lawson Gardens Suite 341,Houston,TX,93944
401,Mrs.,Mark,,Phillips,2003-07-07,394-808-9841,24719 Walker Common,Houston,TX,66101
402,Ms.,Jonathan,R,Mcgee,1987-08-11,(446)223-8264,25779 Clinton Plaza,Houston,TX,93951
403,Ms.,Russell,O,Rowland,1989-02-16,607-817-2826,86947 Stephanie River,Houston,TX,69903
404,Mx.,Sarah,T,Dean,1944-08-11,(620)228-4162,52506 James Gateway Suite 169,Houston,TX,31633
405,Dr.,Gina,,Vargas,1964-03-13,5374551341,5746 Sierra View,Houston,TX,06661
406,Dr.,Tracy,P,Bradley,1948-12-23,928-739-7626,4594 Richard Views Suite 208,Houston,TX,99405
407,Mx.,David,F,Bullock,1989-06-25,8032526302,35048 Sutton Cliff Suite 740,Houston,TX,02464
408,Mx.,Victoria,Z,Burgess,2001-06-13,(819)485-3235,75710 Diaz Stream,Houston,TX,22004
409,Mrs.,Samantha,X,Peterson,1977-09-23,453-911-7915,77693 Nicholas Club Apt. 552,Houston,TX,90802
410,Mrs.,Jennifer,,Hahn,1988-10-10,3048143347,7422 Elizabeth Throughway Suite 752,Houston,TX,66359
411,Mx.,Megan,,Vance,1970-03-12,(814)919-7313,82704 Espinoza Via,Houston,TX,97989
412,Mrs.,Jeffrey,,Parks,1965-04-27,(485)353-7195,23559 Nicole Ports,Houston,TX,41044
413,Mr.,Kiara,F,Hughes,1954-04-09,450-227-3975,66468 Jackson Island,Houston,TX,14854
414,Mx.,Sharon,,Gillespie,1999-04-27,7336609868,0853 Jennifer Common,Houston,TX,93516
415,Dr.,Kevin,,George,1984-03-06,9068343599,6982 Davis Track,Houston,TX,63583
416,Dr.,Melissa,,Wright,1986-02-10,790-288-3290,676 Peter Villages,Houston,TX,22999
417,Mx.,Jeffrey,,Leonard,1959-05-23,782-276-8685,400 Ford Mills Apt. 266,Houston,TX,35329
418,Dr.,Amber,A,Holloway,1988-07-01,6252867744,47287 John Haven,Houston,TX,39195
419,Ms.,Joseph,,Howell,1986-05-09,9436876374,671 Christopher Courts Suite 966,Houston,TX,81527
420,Mr.,Ashlee,G,Parker,1964-10-12,6633707847,387 Martinez Station Apt. 151,Houston,TX,97705
421,Ms.,Carol,G,Thompson,2003-10-13,5537219326,1343 Thompson Row,Houston,TX,56310
422,Mx.,Stacey,,Dean,1946-03-23,2446208303,157 Hart Road Apt. 205,Houston,TX,58352
423,Dr.,Richard,,Willis,1992-03-15,674-673-4514,3338 Strickland Ramp Suite 641,Houston,TX,75149
424,Mrs.,Aaron,,Gardner,1993-06-15,(700)960-2230,245 Sheena Parks,Houston,TX,94732
425,Ms.,Lori,I,Hicks,1965-04-19,621-675-7864,039 Kari Flat,Houston,TX,02880
426,Ms.,Maria,S,Willis,1984-04-03,3913916165,2026 Phillips Isle Suite 599,Houston,TX,65964
427,Dr.,Jacob,S,Burke,1962-02-12,4473897921,614 Garrett Freeway Suite 805,Houston,TX,08670
428,Mrs.,Holly,,Evans,1961-12-25,(591)897-5585,490 Dana Square,Houston,TX,99136
429,Mx.,Joseph,,Nguyen,1976-02-16,7142237153,3385 Nicole Bypass,Houston,TX,92862
430,Dr.,Melanie,M,Mercer,1984-05-22,(601)779-3324,78924 Elizabeth Islands Suite 733,Houston,TX,35855
431,Mr.,Abigail,G,Perry,1994-06-07,840-796-5327,283 Steele Forks,Houston,TX,29771
432,Mr.,Louis,,Anderson,1985-02-20,(877)378-6860,90249 Bruce Hill,Houston,TX,52024
433,Mx.,Trevor,,Collier,1994-11-14,7727511573,358 Mcdaniel Spur,Houston,TX,85272
434,Mx.,Debra,H,Johnson,1979-03-10,(847)654-9012,687 Cross Landing Apt. 100,Houston,TX,24421
435,Mr.,Olivia,,Mercado,1973-06-14,4663306882,50897 Lauren Island Suite 897,Houston,TX,42035
436,Mrs.,Jacqueline,V,Williams,1971-12-20,5945813287,93801 Hernandez Trafficway,Houston,TX,02153
437,Mx.,John,D,Chaney,1948-07-22,4884999718,329 Nolan Prairie Apt. 142,Houston,TX,25940
438,Mr.,Ashley,,Johnson,1982-04-19,8164072903,820 Sharon Locks Suite 349,Houston,TX,06440
439,Mrs.,Henry,,Jones,1959-02-22,(474)628-4488,93592 Lori Plaza,Houston,TX,28453
440,Mrs.,Laura,,Miller,1956-06-28,5733480834,6652 Seth Cove Apt. 782,Houston,TX,50925
441,Mx.,Larry,,Brown,1969-02-12,7627906851,9559 Carl Park Apt. 632,Houston,TX,61368
442,Ms.,Scott,,Peterson,1988-01-17,(603)625-8018,7120 Helen Tunnel,Houston,TX,38307
443,Mrs.,Anthony,,Barnett,2005-10-10,4138509207,44961 James Drives,Houston,TX,51255
444,Mx.,Edward,,Bailey,1948-07-17,5722873304,778 Evans Oval Suite 701,Houston,TX,53917
445,Mrs.,Bobby,V,Owen,2005-04-30,217-864-7861,4695 Wade Center,Houston,TX,23099
446,Dr.,Gregory,Y,Sullivan,1948-10-31,(249)668-2855,133 Flores Cove,Houston,TX,54618
447,Mrs.,Jade,,Humphrey,1968-07-22,720-943-1229,783 Susan View,Houston,TX,54352
448,Ms.,Ricky,,Jones,1956-02-12,(340)497-9224,61514 Paul Locks,Houston,TX,56752
449,Mrs.,Evan,Q,Lee,1988-12-30,(773)416-1527,2360 Case Lane Suite 392,Houston,TX,05237
450,Ms.,Taylor,,Freeman,1967-09-04,9665218160,8852 Wallace Stravenue,Houston,TX,54368
451,Mr.,Alisha,,Pena,1991-03-21,467-494-9485,209 Cortez Village,Houston,TX,95676
452,Ms.,David,S,Burke,1970-04-03,(205)870-3055,17553 Holmes Ports Suite 870,Houston,TX,39296
453,Mrs.,Manuel,Y,Barton,1986-11-18,536-907-4732,59343 Kevin Walk Suite 213,Houston,TX,22064
454,Mr.,Amanda,K,Ramos,1991-02-19,(376)402-8363,97673 Anthony Islands Apt. 498,Houston,TX,94064
455,Mr.,James,,Baker,1958-11-08,673-235-1634,07819 Williams Station Apt. 740,Houston,TX,29851
456,Mr.,Phillip,,Morris,1944-02-22,2974744389,761 Zachary Extension Suite 345,Houston,TX,55273
457,Mr.,Brandi,P,Harrington,2000-07-18,3605454441,083 Velazquez Villages,Houston,TX,68899
458,Mrs.,Alexander,,Powell,1988-05-13,2767707635,87312 Elizabeth Ville,Houston,TX,52932
459,Mx.,Teresa,Y,Clark,1973-04-25,690-927-4425,896 Daniel Passage,Houston,TX,66965
460,Ms.,Elizabeth,V,Cooper,1966-02-26,(628)257-9589,378 Nelson Mill Suite 776,Houston,TX,60528
461,Mx.,Tammy,P,Gonzales,1979-10-22,820-431-5813,569 Weaver Lake Suite 594,Houston,TX,18171
462,Mx.,Anthony,,Taylor,1972-02-12,(514)747-6854,239 David Valleys,Houston,TX,11864
463,Ms.,Jenna,,Novak,1970-01-30,(212)814-4666,44180 Justin Harbors Suite 876,Houston,TX,98896
464,Dr.,Tara,E,Curtis,1959-01-18,247-504-0458,372 Thomas Park,Houston,TX,06652
465,Ms.,Timothy,T,Frey,1994-10-30,922-224-2573,538 James Pines Apt. 155,Houston,TX,38844
466,Dr.,Robert,,Hughes,1963-11-09,8737622611,91770 Richards Coves Suite 942,Houston,TX,55059
467,Ms.,Johnny,X,Rogers,1973-11-05,(601)583-4850,84293 Turner Run Suite 479,Houston,TX,03935
468,Mx.,Sarah,P,Mitchell,1967-10-26,4073700977,085 Bradley Stravenue,Houston,TX,48936
469,Mx.,William,W,Hobbs,1974-10-28,(446)743-9744,051 Terrell Station,Houston,TX,71466
470,Ms.,Mary,,Norris,1966-04-28,(746)893-4473,20214 Amber Hill Suite 582,Houston,TX,28018
471,Mr.,James,,Baldwin,1995-11-07,933-860-9038,658 Brown Burgs Suite 494,Houston,TX,03196
472,Dr.,Zachary,,Anderson,1957-11-08,9673959044,3551 Jacqueline Islands Suite 163,Houston,TX,85636
473,Mr.,Karl,,Moore,2005-02-25,9023638698,56511 James Burgs,Houston,TX,46288
474,Dr.,Stephanie,,Moore,1961-01-08,7684016019,8793 Sanchez Isle,Houston,TX,85494
475,Mx.,Amanda,I,Fitzgerald,1951-07-30,(354)631-5814,5548 Pope Mount Suite 319,Houston,TX,29561
476,Dr.,Barbara,,Hobbs,1950-01-20,222-910-2100,462 Patrick Lakes Suite 769,Houston,TX,97238
477,Mx.,Joseph,I,Hayes,1984-07-05,465-560-9889,7858 Robertson Summit Apt. 921,Houston,TX,37518
478,Ms.,Gina,S,Gonzales,1960-06-09,270-253-7057,44966 Anne Village,Houston,TX,15220
479,Ms.,Taylor,I,Douglas,1987-02-11,(202)301-3772,224 Gordon Shores Suite 320,Houston,TX,24644
480,Mrs.,Sarah,Y,Sanchez,1970-03-24,(660)283-7281,9929 Derek Track Suite 449,Houston,TX,60578
481,Mrs.,Corey,V,King,1985-05-14,(800)593-1131,433 Kim Corners,Houston,TX,98889
482,Ms.,Douglas,,Murphy,1980-04-10,938-251-8402,663 Harrison Inlet,Houston,TX,78936
483,Mrs.,Kevin,,Sweeney,1965-11-01,9755483518,423 Bailey Stravenue Suite 000,Houston,TX,27540
484,Ms.,Nancy,V,Walker,1969-01-06,(894)912-6558,2998 Hoover Falls Suite 286,Houston,TX,15413
485,Mr.,Deanna,,Bell,1996-04-03,871-848-7994,162 Mccullough Ridge,Houston,TX,39949
486,Mx.,Anna,V,Peters,2001-07-27,572-242-6355,8036 Allen Springs Apt. 366,Houston,TX,86966
487,Ms.,William,,Price,1980-08-06,4199526449,5419 Spencer Estates,Houston,TX,17280
488,Mrs.,Angelica,O,Hensley,1947-09-21,(896)781-2696,35504 Brittany Creek Apt. 176,Houston,TX,74728
489,Mrs.,Jonathan,,Haynes,1984-12-10,(913)801-3996,331 Kim Ports,Houston,TX,29740
490,Mrs.,Steven,,Woodard,1976-12-04,907-290-0125,59255 Delgado Glen,Houston,TX,17647
491,Mr.,Nicole,C,Bautista,1949-05-09,535-915-5322,271 Jennifer Track,Houston,TX,78705
492,Mr.,Bryan,,Hernandez,1991-01-28,(948)777-4050,834 Ashley Roads Apt. 400,Houston,TX,19124
493,Mr.,Alice,,Merritt,1984-02-21,4277031642,9492 Rhodes Viaduct,Houston,TX,18835
494,Ms.,Aaron,F,Mclean,1995-08-27,611-996-8683,35391 Hayes Ramp Suite 028,Houston,TX,07152
495,Mx.,Brian,P,Thomas,1980-06-26,413-435-7464,24855 Cynthia Stream,Houston,TX,02234
496,Mr.,Kevin,,Santiago,1944-05-13,446-595-1256,03665 Kristie Highway Suite 169,Houston,TX,78807
497,Mrs.,Kaitlin,R,Newman,1952-01-20,3447560134,974 Natalie Expressway Apt. 052,Houston,TX,51339
498,Mrs.,Eric,Y,Hawkins,1979-06-21,593-408-2721,644 Maria Estate,Houston,TX,56391
499,Mr.,Anthony,,Schneider,1948-07-09,270-610-7452,47368 Bailey Knoll Apt. 221,Houston,TX,22347
500,Mx.,Bradley,,Ellis,1966-03-26,4079498155,75449 Murray Tunnel Suite 485,Houston,TX,55514
501,Mx.,Christopher,R,Stevens,1967-11-18,5372401558,194 Hall Oval Suite 024,Houston,TX,21288
502,Mx.,Sara,C,Kelly,1944-11-07,(819)631-4719,21038 Duran Flats Suite 710,Houston,TX,92656
503,Mrs.,Paul,O,Benson,1954-12-05,932-386-9727,02739 Novak Road,Houston,TX,39395
504,Ms.,Mary,U,Ramos,1947-12-28,684-241-0220,79353 Lawson Spur Apt. 698,Houston,TX,95983
505,Dr.,Danielle,,Cruz,1966-01-07,548-367-0200,64706 Andrew Shoal,Houston,TX,88370
506,Mr.,Mark,,Bishop,1968-05-07,(500)788-6572,10104 Cheryl Views,Houston,TX,66298
507,Mr.,Tyler,,Knight,1944-02-19,8356975148,515 Tristan Ranch Apt. 714,Houston,TX,75999
508,Dr.,Tammy,,Morgan,1984-04-23,5027695709,65591 Lopez Stream,Houston,TX,61326
509,Dr.,Jeremy,R,Snyder,2003-07-16,7543720766,23392 Parker Skyway,Houston,TX,56599
510,Mrs.,Darryl,K,Ferguson,1949-03-23,354-373-1773,60803 Sergio Ways Apt. 343,Houston,TX,98355
511,Mrs.,Sandra,,Barnes,1992-08-12,(675)469-9929,6276 Chase Courts,Houston,TX,42547
512,Mr.,Monica,S,Snow,2006-06-14,5132343675,39397 Evelyn Landing Suite 249,Houston,TX,17280
513,Ms.,James,,Porter,1953-11-07,(543)927-3261,206 Dawn Streets,Houston,TX,29921
514,Mr.,Crystal,,Hernandez,1972-08-31,(967)963-8900,78573 Smith Dale Suite 051,Houston,TX,78274
515,Mr.,Michael,,Keller,2003-12-23,835-490-0156,8179 Ramirez Dam Suite 080,Houston,TX,31702
516,Mr.,Bryan,,Rodriguez,1961-02-08,5139626033,530 Cabrera Port,Houston,TX,31015
517,Mrs.,Thomas,,Young,2001-02-27,(713)785-0062,1558 Bishop Mews Suite 978,Houston,TX,69732
518,Mr.,Jasmin,W,Maldonado,1993-07-24,3067295727,095 Navarro Fall Suite 409,Houston,TX,05692
519,Ms.,Martha,R,Brown,1988-04-25,437-439-9306,78808 Archer Prairie,Houston,TX,34558
520,Ms.,Brandon,,Garcia,1988-04-07,(967)500-5940,84974 Katherine Hills Suite 540,Houston,TX,55912
521,Ms.,David,Q,Frye,1957-09-09,2947094216,5583 Norton Key Apt. 348,Houston,TX,69273
522,Mr.,Carly,,Park,1997-02-06,(877)731-8953,6934 Olivia Rue,Houston,TX,32384
523,Dr.,John,,Trevino,1972-03-25,512-845-9371,3658 Savage Wells Apt. 310,Houston,TX,88236
524,Mr.,Jessica,,Glover,1962-12-01,3746291127,07631 Flores Bridge,Houston,TX,16841
525,Dr.,Cheyenne,D,Adkins,2003-03-25,(811)459-0506,7287 Brandi Rapids,Houston,TX,67255
526,Mr.,Benjamin,G,Benjamin,1969-01-27,800-711-0518,986 Cook Overpass,Houston,TX,74286
527,Ms.,Jeremy,W,Dodson,1999-06-09,6782637848,46859 Gillespie Views,Houston,TX,10866
528,Dr.,Justin,,Salas,1944-11-26,(529)970-7824,310 Emily Track,Houston,TX,20407
529,Ms.,Claire,L,Flowers,2002-07-28,5242196353,234 Aaron Curve,Houston,TX,58037
530,Mr.,James,J,Morrow,1952-05-28,(434)832-8618,4948 Kimberly Loop Apt. 433,Houston,TX,95044
531,Mrs.,John,T,Trujillo,1986-01-06,240-274-5742,315 Karen Mountain Apt. 949,Houston,TX,58631
532,Dr.,Veronica,,Andersen,1947-10-29,(427)958-4708,18346 Hall Ridge Apt. 370,Houston,TX,98360
533,Mr.,Sarah,O,Gardner,1948-11-18,6557287024,11921 Burke Canyon Suite 048,Houston,TX,40663
534,Ms.,Rodney,,Lyons,1980-03-01,8187223723,692 Melanie Spurs Apt. 569,Houston,TX,06067
535,Mx.,Brad,,Johnson,1959-06-22,396-786-6764,5150 Adam Turnpike,Houston,TX,59900
536,Mrs.,Steven,,Arnold,1965-07-02,5209977813,557 Ponce Cliffs,Houston,TX,15762
537,Mx.,Jonathan,K,Hart,1944-01-21,(696)956-5916,17126 Richard Oval,Houston,TX,77403
538,Mx.,Michael,,Evans,2000-02-05,3175058981,1103 Whitaker Overpass,Houston,TX,45575
539,Mrs.,Troy,W,Mendez,1991-02-16,487-342-9110,78093 Walsh Shore,Houston,TX,17664
540,Ms.,Adam,D,Orr,1947-07-06,458-479-1132,35926 Jamie Circles,Houston,TX,38968
541,Mx.,Robert,,Cole,1950-05-13,(294)924-6809,6187 Joseph Route Suite 265,Houston,TX,57246
542,Mx.,David,P,Bass,1967-07-08,9133918426,015 Velasquez Course Apt. 299,Houston,TX,50265
543,Mr.,Tina,,Brown,1968-10-13,4373839747,081 Katherine Inlet,Houston,TX,97373
544,Mrs.,Andrew,O,Wilson,1963-07-28,(361)252-6865,4882 Kathryn Pines Suite 909,Houston,TX,39141
545,Dr.,Philip,,Nelson,1967-12-07,437-692-0129,49513 Jesse Lights Apt. 104,Houston,TX,05880
546,Mx.,Richard,,Ibarra,1948-06-28,5874849645,35600 Bradley Rapid Suite 914,Houston,TX,57784
547,Mr.,Michael,,Davis,1982-08-08,(618)249-6001,5731 Travis Corners Apt. 762,Houston,TX,54977
548,Mrs.,Mark,X,Nelson,1963-03-01,8584408495,5937 Mason Oval Suite 623,Houston,TX,57252
549,Dr.,Charles,,Walker,1975-11-17,2385029546,72728 Christine Shoal Suite 791,Houston,TX,16767
550,Dr.,Christopher,S,Russell,2000-07-05,(446)321-9694,745 Wagner Haven Suite 536,Houston,TX,65153
551,Mx.,Jessica,Z,Johnson,1987-03-07,(767)894-2975,08393 Gabriela Point,Houston,TX,56992
552,Ms.,Dylan,K,Garcia,1972-09-13,(484)998-1784,9565 Macias Plaza Suite 482,Houston,TX,74141
553,Mrs.,Heather,M,Pierce,1973-10-30,(728)783-1902,97080 Rice Mission Suite 271,Houston,TX,63391
554,Mr.,Victor,U,Hodge,1976-07-14,(568)579-1961,691 Stephanie Track,Houston,TX,57231
555,Mrs.,Megan,O,Stevens,1945-06-28,(564)317-0987,067 Landry Spur,Houston,TX,40110
556,Mr.,James,,Clark,1962-12-25,2485295902,36068 Evans Via Apt. 483,Houston,TX,97708
557,Mx.,Sara,T,Campbell,1980-09-29,825-523-5316,444 Zuniga Green,Houston,TX,48670
558,Mrs.,Jennifer,,Graham,1975-03-20,(384)902-2192,42753 Carpenter Hollow Suite 089,Houston,TX,70962
559,Mx.,Sarah,P,Barber,1959-10-12,760-741-9170,176 Graham Grove,Houston,TX,36699
560,Ms.,Stephanie,,Watkins,1962-06-13,(378)619-3228,522 Christopher Pike,Houston,TX,47482
561,Mr.,Steven,,Wilson,1968-07-08,(472)966-4831,6988 Natasha Parkways,Houston,TX,29140
562,Ms.,Shelley,,Jackson,1949-06-03,2719915791,369 Maria Row,Houston,TX,69750
563,Mr.,Nathan,T,Douglas,1962-07-14,2678940230,555 Nichole Passage,Houston,TX,80504
564,Ms.,Joyce,K,Reed,2005-06-29,(221)438-8415,4439 Long Row Apt. 815,Houston,TX,73784
565,Mrs.,Leslie,,Day,1989-09-01,778-412-5258,649 Washington Lights,Houston,TX,42204
566,Mr.,Tyrone,,Wong,1986-04-25,(910)441-3069,93741 Parks Tunnel Suite 153,Houston,TX,15999
567,Mx.,James,Z,Kelly,1976-01-03,3027317786,7222 Hunter Falls Suite 356,Houston,TX,83152
568,Mr.,Shannon,,Wright,1989-07-17,(568)671-3123,9986 Jasmine Walk,Houston,TX,50756
569,Dr.,Mark,J,Ramos,1944-04-09,2525771635,8366 Hobbs Valleys Apt. 936,Houston,TX,88516
570,Mr.,Joseph,,Sanchez,1996-04-19,(424)717-2371,205 Banks Landing Suite 150,Houston,TX,16312
571,Mr.,Jacob,E,Harvey,1985-05-24,(498)740-3144,46712 Griffin Estate Suite 060,Houston,TX,39498
572,Dr.,Alexander,O,Miller,1950-03-01,(657)974-2559,3636 Courtney Corners,Houston,TX,16993
573,Ms.,Stephanie,V,Dyer,1965-01-23,2285644721,2882 Mary Harbors,Houston,TX,86317
574,Ms.,Bethany,E,Bond,1954-12-17,(902)299-8656,1427 Walker Points,Houston,TX,54726
575,Mr.,Veronica,,Hill,1982-11-27,4579958169,312 Richard Knoll,Houston,TX,98960
576,Ms.,Jonathan,V,Clark,2000-07-30,(933)210-9530,236 Olson Key,Houston,TX,28611
577,Dr.,Jeffrey,D,Dillon,1972-10-24,651-514-7171,7621 Wendy Shoals Suite 446,Houston,TX,03367
578,Mx.,Christy,E,Murray,1958-02-23,(694)458-1848,970 Melanie Ports,Houston,TX,97745
579,Ms.,Jessica,,Anderson,1984-04-09,942-275-2697,2687 Fletcher Falls,Houston,TX,81744
580,Mr.,Leah,,Williams,1953-07-01,7902221295,065 Hayley Points Apt. 256,Houston,TX,91297
581,Mx.,Christopher,,Bell,1983-08-24,751-564-1115,14382 Hailey Lodge Apt. 436,Houston,TX,41775
582,Mx.,Eugene,,Kim,1992-07-22,6405907670,5116 Kerr Trail,Houston,TX,45020
583,Mx.,Alexander,,Mueller,1957-10-09,298-943-2993,2966 Tyler Centers,Houston,TX,04836
584,Mr.,Lori,,Kent,2005-09-11,9834110847,83247 Farmer Station,Houston,TX,10492
585,Mx.,Emily,,Brown,1985-03-31,(501)738-9188,248 Brown Shoal,Houston,TX,51299
586,Dr.,Patricia,,Robbins,1986-12-30,9104663859,4654 Lisa Run,Houston,TX,42544
587,Mx.,Patricia,,Tate,1944-02-19,879-271-1404,89278 Phillips Stravenue,Houston,TX,35701
588,Dr.,Latoya,,Jennings,1973-08-12,315-781-7344,6206 Taylor Curve,Houston,TX,18275
589,Mr.,Jessica,T,Wells,1965-08-24,496-612-6418,191 Cochran Street,Houston,TX,99825
590,Mr.,Elizabeth,X,Mccann,1945-03-12,(967)830-4071,83398 Brandon Pike,Houston,TX,34723
591,Mr.,Jason,D,Roberts,2001-10-28,5066323030,74861 French Village Apt. 041,Houston,TX,02238
592,Mx.,Ryan,N,Ware,1976-10-29,9384290792,74488 Miller Parkway,Houston,TX,13201
593,Ms.,Teresa,,Henry,1981-10-03,(481)841-9518,2050 Hernandez Fork,Houston,TX,19517
594,Ms.,Lisa,,Padilla,1963-12-13,(883)751-6135,2694 Knapp Throughway,Houston,TX,27196
595,Mx.,Wendy,S,Green,2004-03-04,8386177596,33295 Amanda Junction Suite 457,Houston,TX,18581
596,Mrs.,Brent,R,Carr,1956-11-09,6159910356,50860 Ramirez Ports,Houston,TX,02000
597,Mrs.,Dawn,F,Le,1968-11-30,667-651-2588,837 Adams Junctions,Houston,TX,98105
598,Dr.,Anita,,Burgess,1963-08-21,999-931-8493,1668 Eric Walk,Houston,TX,96869
599,Ms.,Margaret,,Maldonado,1980-10-03,779-259-2373,4024 Carly Pines Suite 963,Houston,TX,25266
600,Mx.,Robert,,Patton,1972-10-22,7426699792,148 Joseph Shores Suite 774,Houston,TX,77982
601,Mr.,Diane,,Gross,1997-10-04,317-526-7177,6642 Saunders Parkway Suite 775,Houston,TX,10550
602,Ms.,Kimberly,C,Bryant,1949-06-17,6766836711,3527 Sherry Viaduct,Houston,TX,55260
603,Mx.,Tanya,V,Smith,1970-12-20,288-960-7173,24149 Simon Lights,Houston,TX,36410
604,Mrs.,Patricia,,Hernandez,2001-12-02,(250)835-6466,2197 Anna Streets Suite 871,Houston,TX,29261
605,Mrs.,Calvin,H,Richardson,1996-02-02,(336)971-5504,648 Oconnor Heights Apt. 989,Houston,TX,04831
606,Mrs.,Ann,,Gardner,1987-04-25,228-418-7760,3778 Hall Ports,Houston,TX,10714
607,Dr.,Randall,,Hill,2001-12-25,8688171024,11580 Manuel Street Suite 384,Houston,TX,94521
608,Mx.,Zachary,Y,Jones,1986-12-01,254-643-9709,857 Stacey Mountain Suite 343,Houston,TX,78759
609,Mx.,Nancy,,Davis,1953-03-17,3366935731,09734 Leslie Harbors Apt. 722,Houston,TX,08915
610,Mr.,Rhonda,M,Allen,1950-10-15,388-412-0401,1408 Morales Meadow Apt. 645,Houston,TX,29543
611,Mx.,Derek,,Nicholson,1989-08-01,(557)843-1231,70938 Kelsey Mission,Houston,TX,90557
612,Mr.,Meghan,Q,Ward,1951-07-26,715-607-5346,0703 Anna Ports Apt. 334,Houston,TX,71669
613,Mrs.,Kathryn,Z,Hodge,1988-08-18,462-524-4239,446 Brian Views Suite 184,Houston,TX,59639
614,Ms.,Stacey,,Hawkins,1964-03-24,6689044116,3804 Richard Well Apt. 681,Houston,TX,71402
615,Mrs.,Timothy,,Torres,1987-03-09,8522640982,1720 Rachel Bridge,Houston,TX,67879
616,Mx.,Kimberly,,Welch,1975-11-05,8336188763,8622 Taylor Hills Apt. 287,Houston,TX,34044
617,Mr.,Thomas,,Terry,1978-09-17,225-876-0623,857 Andrea Club,Houston,TX,82141
618,Mrs.,Rebecca,B,Whitney,1957-03-08,8209974661,900 Clark Squares,Houston,TX,63930
619,Mx.,Lauren,R,Hart,1992-07-10,4105554805,928 Sharon Walks,Houston,TX,06031
620,Mx.,Danielle,W,Miller,1981-09-21,(403)220-0386,750 Natalie Islands Apt. 009,Houston,TX,08677
621,Mr.,Christopher,X,Young,1987-09-07,(496)215-8371,8148 Alexander Village Suite 934,Houston,TX,25699
622,Dr.,David,,Terry,1954-12-13,(658)692-8127,4657 Williamson Row Apt. 472,Houston,TX,82998
623,Ms.,Thomas,R,Carney,1957-02-22,8886105877,67873 Noah Ports Suite 885,Houston,TX,63976
624,Dr.,Lisa,,Bullock,1956-01-20,6639018383,580 Gomez Forks Suite 095,Houston,TX,10309
625,Mrs.,Jesse,C,Hunt,1945-07-06,(387)799-6136,51726 James Route Apt. 508,Houston,TX,47435
626,Dr.,James,O,Pitts,1980-08-30,5898837905,0734 Shaw Plain,Houston,TX,31569
627,Mr.,Tiffany,F,Velazquez,1970-07-29,294-379-7320,466 Kim Manors,Houston,TX,41802
628,Ms.,Ashley,,Dixon,1987-07-17,891-515-4835,661 Vargas Ramp,Houston,TX,12339
629,Dr.,Linda,E,Chavez,1991-09-04,780-695-7794,229 Harris Throughway,Houston,TX,51636
630,Dr.,Justin,M,Gordon,1969-04-20,9575292712,5254 Samantha Mission Suite 679,Houston,TX,61048
631,Ms.,Jane,T,Miller,1945-02-09,(349)697-8464,62889 Jerry Trail Apt. 225,Houston,TX,08363
632,Mrs.,Richard,,Rivera,2006-12-19,602-383-6796,848 Peggy Crest,Houston,TX,07117
633,Mr.,Justin,T,Flowers,1970-06-08,8793903420,69160 Roman Light Suite 232,Houston,TX,24450
634,Ms.,Joshua,,Fields,1957-10-18,2634710428,3833 Joshua Shoal,Houston,TX,75734
635,Mrs.,Ashley,,Parsons,1995-07-09,223-912-6611,78148 Gregory Greens,Houston,TX,38250
636,Ms.,Elizabeth,,Duke,1961-08-20,7884088756,244 Joseph Pass,Houston,TX,47883
637,Mr.,Kevin,G,Wagner,1973-06-23,442-470-8762,95774 Wright Manors Suite 184,Houston,TX,21988
638,Mr.,Katherine,X,Thomas,1951-10-20,6934692210,828 Felicia Fall,Houston,TX,36966
639,Dr.,Anthony,,Keller,1969-06-27,4228218667,9952 Tiffany Cape,Houston,TX,03235
640,Dr.,Ernest,,Williams,1991-09-03,878-892-7512,188 Johnson Road Suite 154,Houston,TX,79478
641,Mx.,Amanda,,Thompson,1975-08-05,(662)766-0000,2004 Wallace Viaduct Suite 806,Houston,TX,78092
642,Mx.,Bryan,,Guzman,1989-11-24,746-783-3469,1824 Cox Lodge Suite 567,Houston,TX,56410
643,Dr.,Jessica,W,Reynolds,1964-09-18,291-831-4284,80726 Sexton Skyway Apt. 643,Houston,TX,04200
644,Mr.,Susan,K,Rice,1971-10-16,995-598-2068,181 Steve Plaza,Houston,TX,39819
645,Mrs.,Edward,,Singh,1945-08-19,888-576-9472,560 Debra Manor Apt. 622,Houston,TX,73128
646,Dr.,Hannah,V,King,1944-12-19,9282255840,4135 Scott Falls Apt. 924,Houston,TX,27829
647,Mx.,Joshua,J,Adams,1970-12-20,(713)616-4583,3168 Michael Parkway,Houston,TX,71156
648,Mr.,Carrie,I,Ramirez,1945-08-11,848-640-7978,03365 Wagner Wells Apt. 958,Houston,TX,91112
649,Ms.,Angela,,Sullivan,1957-07-21,3367363985,5556 Hardin Fort Apt. 325,Houston,TX,09193
650,Dr.,Angela,U,Willis,1959-12-15,210-661-3114,67222 Turner Ridges Suite 385,Houston,TX,61104
651,Dr.,Raymond,D,Garner,2001-04-20,3493766110,674 Aaron Mount Suite 307,Houston,TX,34339
652,Mrs.,James,,Carr,1978-10-02,(927)622-7632,89887 Mueller Fork,Houston,TX,52290
653,Mr.,Andrew,,Davis,1952-10-27,(519)802-0421,80245 Timothy Rest,Houston,TX,01432
654,Mrs.,Michael,L,Wright,1967-08-25,(619)273-7259,322 Michelle Crest,Houston,TX,60859
655,Ms.,Michelle,,Scott,2005-06-19,2455552425,193 Montes Terrace,Houston,TX,37475
656,Mr.,Jesus,H,English,1959-01-14,5068076319,1177 William Villages,Houston,TX,94460
657,Mrs.,Logan,,Cooke,1974-05-23,(851)862-3037,13128 Mark Manor Apt. 939,Houston,TX,33361
658,Ms.,Holly,O,Kelly,1958-06-30,468-312-3367,601 Robert Views Suite 253,Houston,TX,99784
659,Ms.,Anita,H,Frederick,1977-09-03,(228)861-5510,81271 Christopher Mountains Apt. 936,Houston,TX,73455
660,Dr.,Victoria,S,West,1944-08-11,3875234990,942 Johnson Radial,Houston,TX,89577
661,Mr.,Yvonne,V,Thompson,1964-12-16,(236)573-9643,1711 Deborah Lodge Suite 299,Houston,TX,86333
662,Ms.,Joan,M,Luna,1979-03-30,862-486-1606,327 Debra Path,Houston,TX,93482
663,Mrs.,Jennifer,,Wright,1957-08-01,(739)365-4463,739 Harrison Forest,Houston,TX,82669
664,Mr.,Dennis,,Holmes,1952-01-26,946-319-1874,5672 Ford Centers Suite 217,Houston,TX,75833
665,Ms.,Dakota,L,Daniel,1980-03-21,807-880-6001,605 Kimberly Light Suite 353,Houston,TX,41513
666,Dr.,Anthony,,Peterson,1988-06-05,9725733558,781 Michael Ports,Houston,TX,67867
667,Mx.,Mark,W,Frazier,1953-12-14,(486)791-1674,6044 Cruz Centers,Houston,TX,41896
668,Mx.,Chad,,Hammond,1956-03-24,353-407-5343,8924 Melinda Circles,Houston,TX,04587
669,Mx.,George,Z,Harrison,1945-01-27,(427)848-8564,10835 Frost Way,Houston,TX,78843
670,Ms.,Rebecca,,Pearson,2000-05-26,9519035581,0528 Brent Forges,Houston,TX,08092
671,Ms.,Tracy,,Sanders,1998-11-12,213-838-4702,863 Smith Row,Houston,TX,51925
672,Mrs.,Fernando,Q,Fletcher,1974-11-16,(994)202-2873,1331 Watson Landing,Houston,TX,41072
673,Mx.,Michael,,Weeks,1946-05-15,(444)991-0649,02202 John Hills,Houston,TX,36228
674,Mx.,Kyle,,Camacho,1975-03-08,444-391-4562,23383 Tiffany Orchard Suite 677,Houston,TX,98652
675,Mr.,Carol,,Simpson,1993-07-19,(529)281-4928,9558 Brian Vista Suite 730,Houston,TX,01208
676,Mr.,David,L,Ortega,1980-02-14,3336498407,76338 Leslie Underpass,Houston,TX,31189
677,Ms.,Kathleen,,Grant,1995-02-02,292-898-1006,47591 Paul Route Apt. 705,Houston,TX,44746
678,Ms.,Michael,Q,Garrett,1966-09-27,7302077212,076 Hudson Lock Apt. 978,Houston,TX,70804
679,Dr.,Nicolas,,Bryant,1961-10-19,730-209-3917,2074 Mayo Valley,Houston,TX,43443
680,Mx.,Rebecca,,Lewis,1973-02-02,(942)862-4120,83749 Brenda Shoal Suite 693,Houston,TX,12952
681,Mx.,Benjamin,E,Lopez,1954-05-08,4852719548,804 Heidi Lakes Apt. 816,Houston,TX,19110
682,Ms.,Howard,S,Sanchez,1966-01-16,(910)546-1917,58667 Mark Freeway Suite 004,Houston,TX,93243
683,Mrs.,Jeffrey,,Moore,1953-01-07,(298)679-2632,74705 Christine Via,Houston,TX,18021
684,Mr.,Jonathan,E,Mills,1969-05-18,311-688-2369,0044 Howard Light Apt. 747,Houston,TX,17294
685,Mx.,Joseph,,Tyler,1995-07-26,419-786-4268,119 Gonzalez Garden Apt. 807,Houston,TX,45375
686,Mrs.,Matthew,,Vasquez,2006-03-13,(464)415-5227,342 Rebecca River Suite 564,Houston,TX,71089
687,Mr.,Linda,I,Watson,1945-03-21,4213373912,6957 Victor Fork Apt. 676,Houston,TX,41350
688,Dr.,Daniel,,Morton,1994-03-14,311-972-5908,06164 William Pass Suite 980,Houston,TX,01494
689,Ms.,Katherine,D,Mclaughlin,1986-03-27,9918745046,3984 Jay Brooks Suite 013,Houston,TX,59731
690,Mrs.,Marco,Q,Keith,1997-10-20,3534829500,8682 Mario Coves,Houston,TX,93321
691,Mr.,Courtney,I,Bauer,1988-10-07,(293)965-7828,250 Solis Vista Apt. 754,Houston,TX,16196
692,Ms.,Desiree,,White,2001-02-15,671-326-2574,85221 Corey Neck Suite 144,Houston,TX,62194
693,Ms.,Seth,,Dennis,1950-06-16,614-299-8407,07350 Joel Stravenue,Houston,TX,66055
694,Mx.,Brandon,,Lane,1966-01-13,406-489-7846,370 Johnston Rapid Suite 220,Houston,TX,56692
695,Mr.,Sandra,,Hoffman,1993-10-08,(981)741-2012,81272 Julie Track Apt. 967,Houston,TX,41589
696,Ms.,Daniel,Q,Bradley,1945-09-28,6543935663,23233 Leach Valleys Apt. 600,Houston,TX,90530
697,Mx.,Katherine,,Parker,1972-11-13,804-551-3422,196 Madison Ways Suite 531,Houston,TX,63139
698,Ms.,Nancy,I,Webb,1953-08-12,9138812208,5401 Hernandez Wall Suite 429,Houston,TX,88228
699,Mr.,James,C,Wise,1986-01-28,991-343-0114,574 Day Square Suite 960,Houston,TX,59696
700,Ms.,Ryan,,Willis,1951-04-11,798-884-7650,193 Brianna Turnpike,Houston,TX,67478
701,Dr.,Anthony,,Santiago,1960-03-17,(796)657-1908,947 William Mountain,Houston,TX,94729
702,Dr.,Elizabeth,,Stewart,1944-04-28,(203)460-2079,919 Hughes Gateway Apt. 167,Houston,TX,80415
703,Dr.,Daniel,,King,1987-01-17,(698)513-5107,0856 Mckinney Cove,Houston,TX,97565
704,Dr.,Crystal,,Martin,1965-12-08,6072950641,123 Davila Vista Suite 495,Houston,TX,23596
705,Mrs.,Donna,,Hernandez,1994-04-30,959-347-8794,146 Clark Flats Apt. 398,Houston,TX,39156
706,Ms.,Laura,,Mclaughlin,1971-01-15,(605)568-1276,61044 Willie Trail Apt. 632,Houston,TX,90894
707,Ms.,Gary,L,Welch,1966-01-15,4268941914,074 Ayers Fork Suite 265,Houston,TX,78437
708,Ms.,Christine,,Odom,1970-10-14,(608)868-0370,687 Gregory Club,Houston,TX,59602
709,Ms.,Robert,D,Nolan,1970-09-22,(768)919-2435,986 Jeremy Manor,Houston,TX,37518
710,Mx.,Steven,,Chen,1992-03-12,(215)968-6278,402 Pace Viaduct Suite 134,Houston,TX,12693
711,Mrs.,Scott,C,Lewis,2005-06-13,868-419-3400,95004 Miller Brooks,Houston,TX,43262
712,Ms.,Janice,A,Moore,1966-06-09,(526)671-4368,41351 Jennifer Key Suite 022,Houston,TX,97028
713,Mx.,Kelly,,Tyler,1998-02-10,(630)768-3764,01600 William Crossroad,Houston,TX,03619
714,Mrs.,Melissa,,Tyler,1979-12-25,9764719416,44796 Sandra Alley Suite 830,Houston,TX,33855
715,Mx.,Robert,V,Pena,1995-06-07,(829)650-9465,6050 Brown Station,Houston,TX,87302
716,Dr.,Kristen,,Conway,1957-05-01,815-422-2586,398 Ashley Drives Suite 373,Houston,TX,41313
717,Dr.,Allison,I,Ayala,1948-03-27,7286805968,68221 Arellano Ways Suite 385,Houston,TX,26454
718,Mx.,Alisha,F,Gillespie,1949-10-14,8585451284,37663 Baker Greens Apt. 215,Houston,TX,46476
719,Ms.,Ronald,,Nunez,1999-08-12,508-417-9948,8421 Robert Pike Apt. 787,Houston,TX,29628
720,Mrs.,Amy,M,Anthony,1955-09-24,341-250-1255,1431 Alvarez Center Suite 075,Houston,TX,36606
721,Mr.,Krystal,L,Foster,1975-02-18,7498663783,38893 Victor Knoll Suite 920,Houston,TX,35621
722,Mx.,William,D,Davies,1947-01-27,(880)880-0826,2950 Payne Plaza,Houston,TX,97867
723,Mx.,Justin,,Ray,1949-02-04,225-976-4998,847 Michael Glens,Houston,TX,17380
724,Mx.,Brandon,G,Gray,1957-07-21,553-290-0745,2820 Christopher Landing Suite 132,Houston,TX,92917
725,Ms.,Kayla,H,Smith,1967-08-08,9076675927,98506 Deborah Run Suite 268,Houston,TX,04544
726,Mx.,Alison,,Turner,1999-02-15,(969)989-7561,536 Cheryl Alley,Houston,TX,68043
727,Mr.,Rebecca,,Bender,1965-10-23,231-716-9956,5258 Mcclure Parkways,Houston,TX,16516
728,Dr.,Nicole,C,Welch,2006-05-28,213-665-9472,79945 Kevin Locks,Houston,TX,62691
729,Dr.,Kyle,,Wise,1978-10-28,238-786-2645,196 Montoya Turnpike Apt. 113,Houston,TX,88338
730,Mrs.,Wendy,Y,Harvey,1957-08-04,(838)469-0983,447 Denise Ramp,Houston,TX,11561
731,Mrs.,Debra,L,Ho,1958-02-03,4633852512,93751 Shelley Squares Apt. 085,Houston,TX,14399
732,Dr.,Julian,C,Todd,2000-05-07,(218)518-8953,51234 Walters Groves,Houston,TX,72069
733,Mr.,Johnny,,Rojas,1971-10-09,(424)326-0739,181 Taylor Trail Apt. 661,Houston,TX,22130
734,Mr.,Nicholas,V,Hernandez,1968-03-09,(963)599-5921,88558 Griffin Meadows Apt. 040,Houston,TX,06026
735,Ms.,Jacob,T,Bailey,1957-12-17,(842)789-9678,012 Davis Camp,Houston,TX,93948
736,Dr.,Kaitlyn,,Smith,1964-05-20,(483)340-2494,3128 John Junction Apt. 761,Houston,TX,52853
737,Dr.,Adriana,G,Lopez,1977-02-05,5302985087,267 Tonya Creek,Houston,TX,03295
738,Mrs.,Jennifer,,Allen,1950-04-22,6469468214,27642 Brad Corner Apt. 729,Houston,TX,94154
739,Ms.,Kayla,,Cisneros,2004-11-10,631-621-2187,4894 Emily Loaf Suite 246,Houston,TX,27663
740,Dr.,Robin,,Clark,1955-01-09,9942501817,74792 Chen Turnpike Suite 921,Houston,TX,59547
741,Mrs.,Monica,K,Blevins,2001-12-16,(451)368-7840,51683 Seth Fall Suite 747,Houston,TX,85122
742,Mrs.,Heather,U,Jones,1962-12-22,(985)761-4669,6807 Cynthia Knoll Suite 495,Houston,TX,01853
743,Mrs.,Mackenzie,D,Nichols,1990-07-11,(938)250-4834,0872 Kyle Groves Apt. 491,Houston,TX,34249
744,Mrs.,Kevin,,Fritz,1977-03-17,820-990-2448,0674 Steven Lakes,Houston,TX,12104
745,Mr.,Wayne,,Mata,1953-09-04,2908828276,047 Patricia Fall,Houston,TX,63986
746,Mx.,Elizabeth,,Maldonado,1947-03-10,(776)617-3441,15572 Emily Manors,Houston,TX,06613
747,Mrs.,Jared,D,Ruiz,1972-08-22,(597)784-4562,130 Johnson Rue,Houston,TX,53713
748,Mr.,Douglas,K,Cook,1967-09-08,9105334293,51430 Kelly View,Houston,TX,37139
749,Mx.,Troy,,Moran,1967-09-02,2114986683,43836 Dana Shores Apt. 451,Houston,TX,04025
750,Mr.,Lonnie,P,Green,1996-03-02,(515)868-9749,0979 Mccarty Throughway Suite 560,Houston,TX,95937
751,Mx.,Michael,F,Powers,1961-09-25,5774186988,2351 Destiny Skyway,Houston,TX,92033
752,Mr.,Diana,N,Patterson,1971-12-03,9957823701,31919 Christine Islands,Houston,TX,85906
753,Ms.,William,,Valdez,1981-01-01,223-418-4026,9091 Martinez Lakes,Houston,TX,25025
754,Mr.,Dylan,I,Martinez,2000-02-15,499-461-2235,4116 Alvarado Orchard,Houston,TX,08363
755,Ms.,Ronald,,George,1949-07-24,(648)435-8451,136 Norman Crossing Apt. 377,Houston,TX,13104
756,Mx.,Kimberly,,White,1944-09-04,422-406-2492,001 Darius Bypass,Houston,TX,99583
757,Dr.,Shannon,X,Hardin,2004-03-14,9325987038,84241 Cardenas Key Apt. 293,Houston,TX,97714
758,Dr.,Aaron,L,Thompson,1971-07-13,517-981-7519,34551 Washington Circle Suite 029,Houston,TX,36046
759,Mrs.,Kathleen,,Harmon,2000-12-20,312-977-6101,4364 Lane Stream Suite 575,Houston,TX,81811
760,Mx.,Tiffany,H,Nelson,1985-10-10,3224385665,43257 Smith Mountains,Houston,TX,21383
761,Mr.,Elizabeth,,Allen,2003-06-07,(900)306-9404,71757 Sarah Green,Houston,TX,64715
762,Mrs.,Sara,L,Collins,2006-08-06,5948671109,764 Wells Vista,Houston,TX,50225
763,Mr.,Katherine,,Peterson,1986-02-15,(936)560-0054,8502 Jessica Ranch Apt. 270,Houston,TX,01242
764,Dr.,Richard,,Dickerson,1966-10-21,(365)270-8961,02475 Jorge Ramp,Houston,TX,40180
765,Mrs.,Jodi,M,Rodriguez,1953-07-22,272-348-2040,743 Mary Brook,Houston,TX,02062
766,Mx.,Erika,,Alvarez,2005-05-28,8523732307,858 Mckenzie Extensions Suite 667,Houston,TX,33051
767,Mx.,Carl,T,Roach,1956-07-06,7979554315,6301 Black Corners,Houston,TX,87054
768,Mrs.,Roy,,Johnson,1952-07-11,(335)927-1948,5659 Pena Village Suite 387,Houston,TX,27066
769,Mrs.,Jacob,P,Dillon,1944-11-06,698-475-4551,5057 Timothy Courts,Houston,TX,75976
770,Mr.,Cassandra,F,Rich,2003-11-18,(941)382-4847,4026 Jordan Overpass Suite 342,Houston,TX,05752
771,Mr.,Denise,M,Gilbert,1980-08-15,(536)972-6354,690 Gomez Lakes Apt. 708,Houston,TX,48613
772,Mx.,Jimmy,J,Gonzalez,1968-06-12,(258)231-9539,3402 Ronald Courts Apt. 083,Houston,TX,63841
773,Mx.,Nichole,W,Valdez,1996-09-23,546-624-2216,2067 Timothy Flat,Houston,TX,17503
774,Mrs.,Joseph,,Walter,1985-04-19,(351)585-6624,57327 Christopher Club,Houston,TX,80652
775,Ms.,Kevin,,Guerrero,2001-01-23,382-583-5698,1085 Hannah Points Apt. 324,Houston,TX,44300
776,Mrs.,Stephanie,R,Henderson,2005-05-13,888-645-6224,65835 Danielle Center,Houston,TX,42628
777,Mrs.,Nicholas,,Camacho,1955-12-21,(531)256-6096,451 Foster Bypass,Houston,TX,63331
778,Dr.,Jessica,,Ewing,1954-04-25,(342)499-9959,137 Hailey Coves,Houston,TX,80956
779,Mrs.,Christina,,Grant,1949-01-27,547-856-2455,4213 Jacobson Hills,Houston,TX,23491
780,Dr.,Lisa,A,Hill,1967-04-20,(985)228-9765,3958 Jason Trail Apt. 711,Houston,TX,18178
781,Mr.,Kimberly,A,Harris,1958-02-05,872-828-5630,6769 Kirk Pine,Houston,TX,37609
782,Ms.,Adrian,U,Lopez,1972-11-08,795-685-8495,25113 Wendy Prairie,Houston,TX,09809
783,Mrs.,Tonya,B,Gonzalez,1949-12-01,773-959-1913,707 Vega Junction,Houston,TX,23263
784,Mr.,Edward,,Clark,1958-09-16,8526114181,84507 Keith Turnpike Apt. 464,Houston,TX,37772
785,Mrs.,James,Q,Brown,1945-12-30,5005974689,88567 Lauren Field Apt. 137,Houston,TX,30884
786,Mrs.,Jennifer,,Adams,1951-06-16,620-440-8067,68630 James Ports Suite 338,Houston,TX,13715
787,Mr.,Juan,,Joseph,1952-11-29,(448)700-3578,9073 Kevin Springs,Houston,TX,72637
788,Mrs.,Angela,C,Nelson,2003-01-10,2192038528,8260 Joseph Extensions,Houston,TX,51801
789,Ms.,Raven,C,Moss,1970-10-26,(801)423-1680,3725 Adams Lakes,Houston,TX,63242
790,Mrs.,Olivia,W,Hernandez,1996-08-04,(588)830-6879,979 Laurie Skyway,Houston,TX,99872
791,Dr.,Lawrence,,Tucker,1950-08-03,(400)771-1300,80612 Gordon Mountains Suite 247,Houston,TX,56324
792,Mr.,Justin,T,Rush,1978-01-09,7508226470,890 Patterson Mountain,Houston,TX,33264
793,Dr.,David,,Nelson,1981-07-17,458-502-8993,6825 Henderson Ports,Houston,TX,91312
794,Ms.,Lauren,,Hughes,1944-05-29,3946614253,80556 Kayla Coves,Houston,TX,60246
795,Mrs.,Paula,F,Gardner,1955-06-06,9022299034,7479 Jeremy Wall,Houston,TX,70667
796,Mr.,Julie,Z,Scott,1988-06-18,8522416132,0589 Miller Mount Suite 873,Houston,TX,67458
797,Mr.,Donna,,Simpson,1991-02-17,398-754-3632,6893 Rachel Walk,Houston,TX,64084
798,Dr.,Ryan,,Kim,2001-01-11,(936)857-4409,20614 Kristen Curve,Houston,TX,87320
799,Ms.,Sheryl,,Gonzalez,1970-07-10,(879)981-4389,3095 Jason Station Apt. 440,Houston,TX,72145
800,Dr.,William,E,Rodriguez,2001-03-16,3197474239,27437 Jill Meadow,Houston,TX,06399
801,Mx.,Jennifer,,Vargas,1998-08-05,9559397711,6998 Cook Summit Suite 872,Houston,TX,87799
802,Ms.,Henry,Q,Lowery,2002-06-03,(903)648-5015,5670 Smith Orchard,Houston,TX,72937
803,Mrs.,Amanda,,Dunn,1981-03-29,(452)880-2774,8048 William Corners,Houston,TX,93830
804,Mx.,Linda,,Dixon,1987-09-27,555-314-8522,569 Hall Turnpike Apt. 164,Houston,TX,76338
805,Dr.,Brandon,,Cardenas,1966-08-20,(356)589-2533,02118 John Turnpike,Houston,TX,13375
806,Dr.,Alicia,,Bennett,1996-08-21,5576447593,3692 Harris Spur Apt. 841,Houston,TX,49100
807,Ms.,Jennifer,,Cline,1958-11-04,4973658799,84450 Kyle Burg,Houston,TX,12929
808,Ms.,Scott,,Anthony,1952-01-15,866-707-4844,76257 Harper Green,Houston,TX,50292
809,Dr.,Audrey,,Sharp,1955-04-03,449-402-6452,20191 Wayne Field,Houston,TX,25034
810,Mr.,Jillian,E,Matthews,1981-09-11,294-966-7703,3055 Jeff Causeway Suite 070,Houston,TX,68076
811,Mrs.,Valerie,P,Perez,1955-04-18,6127811940,774 Ethan Land Apt. 788,Houston,TX,32490
812,Ms.,Edwin,,Lam,1968-05-22,243-260-9861,90985 Huynh Cape,Houston,TX,34606
813,Mr.,Kyle,,Benton,1982-11-20,6214403602,1914 Pittman Village,Houston,TX,67296
814,Dr.,Michael,O,Hall,1976-01-22,7827756604,9929 Melton Falls Apt. 019,Houston,TX,31643
815,Dr.,Michael,,Navarro,1987-04-03,(630)600-1235,59439 Estes Hills Apt. 107,Houston,TX,37609
816,Mr.,Stephanie,,Hobbs,1953-01-03,5586305320,28893 Jamie Course Apt. 204,Houston,TX,91122
817,Dr.,Dylan,D,Gibbs,1951-07-26,646-666-1278,9499 Mcguire Street,Houston,TX,53750
818,Mrs.,Amy,,Lopez,1987-12-31,800-653-2152,77443 Kevin Drives Apt. 551,Houston,TX,75810
819,Mr.,Tiffany,,Lopez,1993-09-04,4016361332,1491 Eric Knolls Suite 290,Houston,TX,50156
820,Mrs.,Tracey,D,Lopez,1986-01-16,(446)403-4681,980 Martinez Radial,Houston,TX,29438
821,Ms.,Justin,T,Hood,1968-07-20,(575)892-1587,82693 Linda Roads,Houston,TX,23167
822,Mx.,Patricia,,Gonzalez,1953-05-28,2808143046,2580 Wesley River Suite 057,Houston,TX,94068
823,Mrs.,Todd,,Winters,1980-12-31,(978)265-9290,1764 Sandra Squares Suite 272,Houston,TX,54087
824,Mx.,Taylor,C,Davidson,1978-08-25,721-664-2959,80779 Barber Motorway,Houston,TX,24356
825,Dr.,Brenda,K,May,1953-08-18,5332751613,4244 Zoe Mission Suite 766,Houston,TX,42773
826,Mrs.,Jerome,,Beck,1993-05-13,(808)628-4102,7893 Smith Hills,Houston,TX,29990
827,Mrs.,Zachary,,Wilson,1957-07-11,(443)960-3977,52456 Mcintyre Island Suite 371,Houston,TX,94445
828,Dr.,Austin,S,Newman,1948-05-31,735-656-9749,198 Heather Plains Suite 064,Houston,TX,70611
829,Mrs.,Yvette,,Espinoza,1978-06-23,708-427-8640,051 James Passage Apt. 539,Houston,TX,12220
830,Dr.,Kara,F,Rose,1953-10-01,(733)953-0990,9242 Woods Harbor,Houston,TX,67496
831,Ms.,Sarah,I,Williams,1948-10-01,562-842-2815,1231 King Land,Houston,TX,34787
832,Mr.,Craig,P,Morris,1997-03-02,254-969-8122,904 Karen Flats,Houston,TX,56744
833,Mrs.,Monica,Y,Leon,1983-03-03,747-537-2569,6227 Kaitlyn Dale,Houston,TX,46320
834,Ms.,Cindy,B,Hahn,1982-07-31,972-600-4077,745 Steven Field,Houston,TX,82830
835,Mr.,Shaun,,Johnson,1952-07-24,(441)988-4132,59736 Rodriguez Station,Houston,TX,18400
836,Mrs.,Sarah,,Best,1996-09-24,3076632965,900 Richards Union,Houston,TX,20907
837,Ms.,Jasmine,,Mcgrath,1954-08-18,6405105138,20414 Jose Drives Suite 092,Houston,TX,12107
838,Mrs.,Jacob,,Haynes,1977-06-30,(708)262-2866,69409 Guerrero Estate Suite 812,Houston,TX,98489
839,Mr.,Jessica,R,Phelps,1999-06-04,923-298-5971,5277 Bautista Fall,Houston,TX,06170
840,Mrs.,Christy,P,Hamilton,2006-07-30,502-703-2266,614 Gordon Avenue Apt. 258,Houston,TX,01592
841,Dr.,Christopher,,Howell,1980-01-23,9516876706,1408 Foster View Apt. 574,Houston,TX,96277
842,Ms.,Richard,,Greene,1955-09-17,(820)402-3032,960 Evelyn Cape,Houston,TX,60899
843,Mrs.,Nancy,,Walker,1968-06-26,(574)355-0740,16936 Derrick Fall,Houston,TX,38182
844,Dr.,Adam,,Neal,1992-11-25,(450)633-6891,620 Nicholas Corners Apt. 027,Houston,TX,73232
845,Mr.,Damon,R,Little,1977-11-05,436-416-6580,83508 Miller Turnpike,Houston,TX,83984
846,Mr.,Richard,X,Cordova,2004-12-22,8846157175,28315 Clark Causeway Suite 527,Houston,TX,05252
847,Dr.,Steven,,Blake,1981-07-31,371-649-1620,688 Kyle Expressway,Houston,TX,39761
848,Mr.,Samantha,X,Martin,1969-02-21,(959)781-8105,2853 Williams Mountains Suite 266,Houston,TX,52820
849,Dr.,Wendy,,Carter,1949-12-24,(600)444-9865,33993 Hensley Spring,Houston,TX,36343
850,Mr.,Brian,,Fisher,1962-12-30,838-615-7176,726 Lopez Course,Houston,TX,52905
851,Mx.,Chris,,Rodriguez,1997-09-16,(664)208-1357,9149 Roth Row Apt. 081,Houston,TX,56117
852,Mx.,Timothy,,Patterson,1975-06-14,(213)432-5506,029 Douglas Islands Suite 146,Houston,TX,29622
853,Mrs.,Kevin,Z,Cross,1984-11-11,(282)370-3622,09230 Brittney Glen Suite 420,Houston,TX,19983
854,Mr.,Chris,V,Avery,1975-09-23,(300)490-0641,408 Rice Stravenue Apt. 909,Houston,TX,64049
855,Mx.,Michelle,,Daniels,1997-02-16,594-208-2006,661 Flores Keys Apt. 578,Houston,TX,60378
856,Dr.,Jose,J,Robles,1961-06-04,8917493184,0625 Julie Forges,Houston,TX,92727
857,Mr.,Victor,H,Phillips,1990-04-07,644-588-3214,56909 Brian Pass,Houston,TX,44396
858,Ms.,Victor,,Smith,1952-01-20,9519406187,06414 Beard Light,Houston,TX,21760
859,Dr.,Charles,E,Glover,1977-05-07,942-704-0327,964 Julie Hollow Apt. 506,Houston,TX,85284
860,Mx.,Matthew,,Glover,2006-06-28,(887)261-1328,6480 Vasquez Dam,Houston,TX,27400
861,Mx.,Sheryl,,Jennings,1975-12-17,(392)834-5967,7283 Vincent Green,Houston,TX,73970
862,Mx.,Robin,,Smith,1959-04-09,461-208-5155,55191 Paul Neck,Houston,TX,77056
863,Mrs.,Dawn,P,Andrews,1966-04-19,223-765-5532,15698 Pitts Street,Houston,TX,20052
864,Mrs.,Michael,,Brown,1992-08-07,(823)746-8883,338 Larry Fort,Houston,TX,13319
865,Ms.,Alisha,,Payne,1960-04-11,255-778-1549,465 Diane Course,Houston,TX,96971
866,Ms.,Mary,N,Simpson,2005-01-10,5906933905,3086 Morse Road,Houston,TX,54725
867,Dr.,Stacey,,Henderson,1945-12-21,2679695350,907 Henson Plains,Houston,TX,25067
868,Ms.,Theodore,Q,Price,1990-09-23,(876)824-1888,26147 Shawn Park,Houston,TX,50591
869,Dr.,Suzanne,,Watts,1977-01-23,631-461-1792,925 Steven Stravenue,Houston,TX,26127
870,Mr.,Arthur,,Jordan,1951-09-20,9089466933,4456 Jennifer Branch Suite 138,Houston,TX,88379
871,Mrs.,April,W,Rhodes,1951-01-25,915-253-7229,86864 Simpson Vista Suite 544,Houston,TX,80907
872,Mx.,Jennifer,Z,Stephens,1970-12-23,535-313-8602,3802 Frank Ranch,Houston,TX,07716
873,Dr.,Kelly,,Gonzalez,1993-12-17,(398)606-4431,5138 Toni Port Apt. 577,Houston,TX,86794
874,Ms.,Robert,,Holmes,1954-01-31,579-965-6746,720 Jason Knoll Suite 513,Houston,TX,49597
875,Mr.,Jacob,,Fritz,2005-06-07,907-759-3624,355 Cherry Groves Suite 519,Houston,TX,29718
876,Ms.,Joyce,,Walker,1991-03-14,363-567-9305,69740 Anthony Brooks,Houston,TX,12600
877,Mx.,James,C,Jacobs,1985-11-08,286-678-8680,9312 Samuel Radial,Houston,TX,88367
878,Mr.,Heather,,Robinson,1982-08-23,432-222-5625,363 James Junctions,Houston,TX,82992
879,Ms.,Alyssa,,Ramirez,1948-11-26,940-419-6714,76683 Burns Club Apt. 597,Houston,TX,82972
880,Dr.,Alexander,,Mcintyre,1986-10-05,666-954-1845,94128 Natalie Mill,Houston,TX,35837
881,Ms.,Jennifer,,Hale,2006-05-18,3894655852,50173 Lee Mountains,Houston,TX,38200
882,Mrs.,Christopher,O,Holland,1968-06-18,2009774512,0614 Hernandez Parkways Apt. 153,Houston,TX,28226
883,Mrs.,Adrian,K,Sharp,1978-10-10,4948155246,9235 Smith Plains,Houston,TX,29704
884,Mr.,Michael,,Crawford,1952-02-20,637-710-2308,414 Hickman Highway,Houston,TX,08226
885,Mrs.,Andre,,Guzman,1993-12-01,835-246-1781,96154 Gilbert Row,Houston,TX,81004
886,Ms.,Eric,,Davenport,1954-11-27,(338)713-5554,8788 Torres Key,Houston,TX,10360
887,Mx.,Norma,,Thompson,1968-01-29,(475)942-1046,17035 Melissa Divide Apt. 981,Houston,TX,17495
888,Mrs.,Lisa,,Carroll,2006-11-30,(372)629-9751,022 Miller Trafficway Apt. 614,Houston,TX,59639
889,Dr.,Heather,U,Chavez,2004-10-26,(600)528-1965,28542 Renee Tunnel,Houston,TX,12857
890,Ms.,Kayla,,Mcconnell,1949-06-28,963-432-5421,77617 Jennifer Crossing Apt. 557,Houston,TX,30213
891,Mrs.,Donna,B,Smith,1978-09-17,725-360-7392,99192 Katrina Corner,Houston,TX,22827
892,Mr.,Eddie,Q,Walsh,1951-05-15,2596940147,1489 Cabrera Groves Apt. 379,Houston,TX,03742
893,Mx.,Lisa,,Wu,2003-12-05,(947)931-2749,6692 Brett Crossing,Houston,TX,23315
894,Mx.,John,,Williams,1997-02-04,342-562-2910,22329 Alejandra Shoals Apt. 804,Houston,TX,44261
895,Mx.,Anna,F,Peck,1971-11-20,258-508-6264,19170 Steven Track Apt. 444,Houston,TX,01367
896,Mx.,David,I,Carlson,1944-02-20,696-398-9767,022 Amber Rapid Suite 145,Houston,TX,42450
897,Dr.,Kevin,,Williams,1972-07-23,(226)555-1564,442 Jeffery Walks,Houston,TX,39941
898,Mrs.,Cory,,Juarez,1961-03-07,4698969241,53114 Jeffrey Corners Suite 994,Houston,TX,61100
899,Mx.,Roy,Z,Ray,1958-12-31,4022697101,4485 Brandon Drive,Houston,TX,64079
900,Dr.,Mary,J,Mcintosh,1992-06-23,837-991-6468,712 Michael Lock Apt. 678,Houston,TX,25772
901,Dr.,Cynthia,K,Pham,1956-07-28,8933017734,13204 Hoffman Springs,Houston,TX,79077
902,Mx.,Savannah,S,Mahoney,1993-02-05,(997)317-6209,7734 Mike Squares,Houston,TX,47166
903,Mx.,Amber,,Williams,1948-10-22,5082975656,235 Jennifer Highway,Houston,TX,37176
904,Dr.,Jesus,W,Whitaker,2006-09-09,(818)574-8696,656 Sullivan Harbor Suite 526,Houston,TX,63677
905,Dr.,Michael,,Benton,1963-10-04,5824125787,959 George Pine,Houston,TX,35847
906,Mr.,Jeffery,N,Gibson,1994-05-06,9076986877,058 Joseph Junction,Houston,TX,56079
907,Dr.,Erin,E,Garcia,1949-02-04,(455)306-4435,2548 Black Land Apt. 334,Houston,TX,24498
908,Mr.,Jeanne,M,Hicks,1991-02-23,(812)686-3761,80703 Foster Lakes Apt. 716,Houston,TX,09593
909,Ms.,Michelle,T,Hernandez,1951-10-07,5245004201,3210 Hays Greens,Houston,TX,27560
910,Ms.,Amber,,Smith,1950-09-20,2394359432,666 Frank Fords,Houston,TX,14217
911,Mr.,Jimmy,,Reyes,1984-10-25,315-420-4036,3173 Matthew Loaf Apt. 700,Houston,TX,42203
912,Ms.,Tammy,V,Wallace,2005-09-01,5107879375,722 Salazar Key Suite 737,Houston,TX,22252
913,Dr.,Beth,K,Smith,1990-09-08,285-984-8758,97923 Natalie Flats,Houston,TX,02115
914,Dr.,David,,Gonzalez,1969-11-01,9544842909,187 John Flat,Houston,TX,81228
915,Mx.,Debra,J,Liu,1985-12-07,7334869883,894 Humphrey Views,Houston,TX,08955
916,Mrs.,Jasmin,C,Peters,2004-12-02,658-698-6346,361 Cox Flats,Houston,TX,41874
917,Mx.,Lauren,V,Aguilar,1986-03-29,(474)606-4885,4371 Matthew Harbor,Houston,TX,76940
918,Mx.,Brenda,J,Fischer,1954-04-04,5349766468,2233 Peter Prairie,Houston,TX,06246
919,Mrs.,William,F,Ortiz,2001-10-30,(281)512-2442,29708 Abigail Island Suite 987,Houston,TX,02511
920,Mr.,James,,Holmes,1968-04-26,(884)842-5732,5101 Holt Points,Houston,TX,21449
921,Dr.,Zachary,,Andrews,1998-07-04,286-950-3911,84823 Charlotte Plain,Houston,TX,42678
922,Mrs.,Robert,M,Baldwin,1952-06-11,(838)558-0888,52181 Martin Springs,Houston,TX,21831
923,Dr.,Todd,O,Evans,1986-05-20,434-674-0638,7407 Krystal Mountain,Houston,TX,56511
924,Mr.,Brian,,Clark,2001-03-17,(244)355-0652,86188 Mcdonald Falls Suite 352,Houston,TX,34042
925,Ms.,David,,Diaz,1954-01-12,(903)749-9386,394 Collins Hill Suite 664,Houston,TX,46875
926,Mx.,Jason,K,Harvey,1962-08-16,735-200-2339,1605 Logan Road,Houston,TX,79583
927,Mx.,Terri,F,Johnson,1975-03-06,(750)452-2166,51956 Conway Junction,Houston,TX,78685
928,Dr.,Jennifer,D,Willis,1992-08-24,4176064930,5189 Kimberly Tunnel,Houston,TX,34881
929,Mrs.,Karen,,Kennedy,2000-10-05,462-894-4808,956 Lindsey Parks,Houston,TX,28457
930,Ms.,Michael,W,Andrade,1946-01-27,304-570-9170,4898 Peters Cape Suite 207,Houston,TX,26216
931,Dr.,Donald,,Harrison,1953-04-13,593-785-5872,3744 Brandon Neck Apt. 036,Houston,TX,25631
932,Mx.,Christy,,Rodriguez,1959-09-12,4285805722,70879 Sandy Motorway Apt. 121,Houston,TX,81893
933,Dr.,Stephanie,M,Wong,1947-04-24,(249)612-9712,410 Luna Expressway Suite 169,Houston,TX,55046
934,Dr.,Mark,F,Harris,1997-07-09,(301)748-5192,484 Chung Field,Houston,TX,17954
935,Mx.,Kathleen,,Farley,1954-10-06,203-764-2032,3764 James Cape,Houston,TX,90831
936,Ms.,Stacey,,Barrera,1950-08-01,823-988-9467,9052 Kelly Grove,Houston,TX,75227
937,Dr.,Monica,,Harris,1969-06-12,5266300150,32863 Kristen Burgs Apt. 106,Houston,TX,43073
938,Mrs.,John,C,Gomez,2000-02-11,846-334-9159,213 Taylor Underpass Suite 200,Houston,TX,75859
939,Mrs.,Kevin,V,Smith,1979-03-14,(367)778-3330,8376 Mccall Manor Apt. 328,Houston,TX,85937
940,Mr.,Amanda,E,Coleman,1982-07-28,332-844-1218,67184 Daniel Square,Houston,TX,06303
941,Mr.,Catherine,K,Hunter,1991-10-06,219-894-9226,3024 Jackson Centers Suite 775,Houston,TX,93317
942,Mr.,Jennifer,E,Nguyen,1971-08-04,(843)535-9419,1026 James Passage,Houston,TX,67541
943,Mrs.,Evan,G,Armstrong,1947-01-14,(654)570-1448,061 Kirk Lights,Houston,TX,84432
944,Ms.,Brandon,,Blackwell,2005-01-31,419-265-5885,58161 Pittman Hills,Houston,TX,66687
945,Dr.,Kenneth,U,Underwood,1949-06-23,440-726-9607,95960 Rachel Trafficway,Houston,TX,06336
946,Mrs.,Danielle,,Green,1980-03-03,7826057140,35398 Hicks Inlet Apt. 159,Houston,TX,56935
947,Mr.,Courtney,W,Robertson,1999-06-21,(553)292-2152,94443 Sherry Squares,Houston,TX,27419
948,Mr.,Derrick,,Williams,1960-11-12,247-461-8338,08636 Allen Coves,Houston,TX,78710
949,Dr.,Anna,,Bullock,1978-08-24,2328012983,082 Rodgers Stravenue Suite 084,Houston,TX,87340
950,Mr.,Jeanette,G,Young,1986-05-13,348-635-0370,621 Gloria Lodge Suite 830,Houston,TX,74049
951,Mx.,Jennifer,T,Robinson,1980-08-23,(967)364-4212,748 Erica Row,Houston,TX,06188
952,Ms.,Scott,I,Mcpherson,1991-05-03,769-208-5124,526 Wilson Plaza,Houston,TX,93228
953,Mx.,Michael,,Romero,1966-12-03,3656482173,8712 Daniel Squares,Houston,TX,23548
954,Mrs.,Thomas,H,Poole,1978-02-04,670-889-7766,85459 Sanchez Knoll Apt. 729,Houston,TX,67777
955,Dr.,Marc,,Simmons,1996-12-05,967-438-2580,6419 Reeves River Apt. 995,Houston,TX,65052
956,Ms.,Joshua,J,Dudley,1979-09-20,2158578507,31926 David Ville Apt. 125,Houston,TX,78610
957,Ms.,Richard,,Brown,1979-05-23,6777467242,826 Mccarthy Drive Suite 219,Houston,TX,02951
958,Mx.,John,,Brown,2006-09-11,376-352-8150,05613 Espinoza Field,Houston,TX,78799
959,Mr.,Tyler,W,Gibbs,1965-06-19,938-736-9666,3482 Richardson Flats Suite 637,Houston,TX,76735
960,Mrs.,Barbara,P,Matthews,1950-01-17,(918)972-2769,388 Boyd Viaduct,Houston,TX,47207
961,Mr.,Tina,,Wright,1982-04-13,397-551-2251,952 White Run,Houston,TX,84798
962,Ms.,Kelly,E,Marks,1983-01-24,(571)254-7042,8924 Michael Forks Apt. 475,Houston,TX,94565
963,Mr.,April,V,Jackson,1961-01-12,295-980-5208,7401 Mann Vista,Houston,TX,08585
964,Mrs.,Justin,,Whitehead,1956-06-20,423-344-0558,48799 Ronald Lane Apt. 337,Houston,TX,05089
965,Ms.,Vanessa,B,Sandoval,1993-04-17,6534591054,40318 Erin Street Apt. 515,Houston,TX,33906
966,Mr.,Barbara,M,Davis,1963-06-21,(758)789-9065,2719 Patterson Mountains Apt. 814,Houston,TX,59332
967,Dr.,David,M,Fowler,1950-03-10,(745)260-1487,434 Justin Lake Apt. 378,Houston,TX,27553
968,Mr.,David,,Miller,1944-01-19,(355)924-0898,4805 Kevin Lake Apt. 414,Houston,TX,11898
969,Dr.,Charles,I,James,1987-08-10,(742)213-8277,384 Oconnor Locks,Houston,TX,18343
970,Mx.,Jerry,V,Scott,1983-02-14,9164498360,695 Anthony Roads Suite 949,Houston,TX,71627
971,Mrs.,Brandon,,Rogers,1980-02-18,869-554-3276,548 Hector Bypass Suite 796,Houston,TX,18609
972,Dr.,Michael,X,Greene,2005-12-14,631-434-7902,101 Brenda Rue,Houston,TX,77123
973,Mrs.,William,,Davis,1957-05-24,7624554342,244 Vargas Brooks Apt. 657,Houston,TX,51615
974,Mx.,Colleen,,Ayers,2001-07-01,(934)531-7639,9656 Nicole Causeway Suite 543,Houston,TX,99692
975,Mr.,Tyler,S,Snyder,1980-07-16,6874426931,6317 Elijah Crossroad Apt. 762,Houston,TX,81808
976,Mr.,April,,Wilson,1971-10-13,7864521946,19383 Garza Ville Suite 363,Houston,TX,93122
977,Dr.,Jason,W,Shea,1981-05-05,4087724656,5344 Collins Run Suite 464,Houston,TX,48165
978,Mx.,Brittany,,Rodriguez,1979-07-03,3394667872,1524 David Lakes Apt. 415,Houston,TX,80163
979,Mr.,Austin,,Perry,1970-05-23,(346)313-8281,664 Duran Terrace Apt. 273,Houston,TX,10316
980,Ms.,Denise,,Conner,1959-09-26,4004891053,256 Benjamin Meadows Apt. 824,Houston,TX,07370
981,Mx.,Virginia,S,Hinton,1992-05-06,9337543321,2905 Harris Common Apt. 427,Houston,TX,94163
982,Ms.,Larry,J,Salazar,1945-06-08,664-462-9512,85969 Larry Harbors,Houston,TX,34721
983,Ms.,Kathryn,,Chapman,1991-05-04,286-526-4603,259 Jones Gateway Apt. 100,Houston,TX,71016
984,Mx.,Sharon,,Ramirez,1969-11-19,6446191954,156 Billy Pass Apt. 565,Houston,TX,50859
985,Mr.,Daniel,W,Johnson,2001-04-01,478-967-5868,215 Arnold Village,Houston,TX,60625
986,Mx.,Anthony,V,Huff,1949-09-03,999-248-9622,460 Max Corners Apt. 123,Houston,TX,96571
987,Mr.,Casey,,Barnes,1989-08-14,7947710747,103 Kenneth Junctions Apt. 564,Houston,TX,17419
988,Mrs.,Larry,,Yates,2004-03-05,351-862-7519,481 Orozco Lakes,Houston,TX,73777
989,Ms.,Stephen,S,Massey,1986-05-31,(934)577-5354,48091 Nicholson Tunnel Suite 857,Houston,TX,34291
990,Dr.,Brandon,N,Clark,1958-01-17,880-242-4007,09675 Cooley Village Apt. 366,Houston,TX,66216
991,Mx.,Amanda,Q,Owens,1990-09-12,4036123354,455 Thompson Walks,Houston,TX,57605
992,Dr.,Timothy,K,Russell,1972-06-29,7557775599,80606 Ruiz Grove Suite 754,Houston,TX,63257
993,Mrs.,Shelby,,Sawyer,1962-11-05,720-753-1427,49827 Robert Ways,Houston,TX,56878
994,Mrs.,Ian,,Marsh,1948-06-02,456-629-0655,2136 Julie Bridge,Houston,TX,21690
995,Ms.,Jon,F,Peck,1953-04-05,2119049342,547 Kimberly Avenue Apt. 017,Houston,TX,27150
996,Dr.,Ebony,,Swanson,1992-12-14,5518392570,87907 Kevin Estates Suite 040,Houston,TX,32583
997,Mrs.,William,,Hines,2006-05-08,5066944934,958 Morrison Islands,Houston,TX,33579
998,Ms.,Corey,B,Yates,1997-10-11,2985541606,24105 Barber Flats Apt. 617,Houston,TX,89943
999,Mx.,Patricia,,Stuart,1997-01-27,(763)567-4678,360 Michael Forks Suite 872,Houston,TX,58215
1000,Mx.,Anthony,,Perez,1995-07-21,757-907-5077,617 Wilson Village Suite 342,Houston,TX,52504
